Ngày ,Giá đóng cửa,Giá mở cửa,Giá cao nhất,Giá thấp nhất
5/12/2024,"40,850","40,800","41,000","40,300"
4/12/2024,"40,000","40,400","40,400","39,800"
3/12/2024,"40,400","40,400","40,600","40,250"
2/12/2024,"40,350","40,550","40,950","40,300"
29/11/2024,"40,500","40,650","40,750","40,500"
28/11/2024,"40,700","41,100","41,200","40,700"
27/11/2024,"40,750","41,050","41,050","40,750"
26/11/2024,"41,050","41,000","41,300","41,000"
25/11/2024,"41,000","40,450","41,000","40,450"
22/11/2024,"40,450","40,350","40,850","40,300"
21/11/2024,"40,350","40,350","40,600","40,300"
20/11/2024,"40,350","40,200","40,650","40,150"
19/11/2024,"40,350","40,400","40,700","40,350"
18/11/2024,"40,400","40,550","40,850","40,350"
15/11/2024,"40,550","40,650","41,050","40,550"
14/11/2024,"40,700","40,650","41,300","40,600"
13/11/2024,"40,600","40,850","41,150","40,500"
12/11/2024,"40,550","41,000","41,500","40,500"
11/11/2024,"40,800","41,050","41,150","40,650"
8/11/2024,"41,050","41,800","41,800","41,000"
7/11/2024,"41,700","42,000","42,250","41,700"
6/11/2024,"41,800","41,500","42,000","41,400"
5/11/2024,"41,300","41,200","41,300","41,050"
4/11/2024,"41,200","41,400","41,500","41,050"
1/11/2024,"41,200","41,550","41,600","41,100"
31/10/2024,"41,550","41,400","41,700","41,050"
30/10/2024,"41,000","41,450","41,700","40,800"
29/10/2024,"41,350","41,500","41,700","41,300"
28/10/2024,"41,450","41,600","41,750","41,450"
25/10/2024,"41,550","42,200","42,300","41,550"
24/10/2024,"42,050","43,000","43,100","42,050"
23/10/2024,"43,200","42,700","44,300","42,700"
22/10/2024,"42,200","42,600","42,600","42,200"
21/10/2024,"42,250","41,850","42,900","41,850"
18/10/2024,"41,800","41,700","42,200","41,700"
17/10/2024,"41,550","41,750","41,800","41,450"
16/10/2024,"41,500","41,500","41,800","41,450"
15/10/2024,"41,650","42,250","42,500","41,550"
14/10/2024,"42,150","42,500","43,400","42,150"
11/10/2024,"41,800","41,400","41,950","41,350"
10/10/2024,"41,400","41,600","41,650","41,300"
9/10/2024,"41,600","41,050","41,600","41,000"
8/10/2024,"40,900","41,050","41,050","40,600"
7/10/2024,"40,850","41,100","41,550","40,850"
4/10/2024,"41,000","41,350","41,350","40,900"
3/10/2024,"41,350","42,100","42,450","41,350"
2/10/2024,"42,050","42,350","42,400","42,050"
1/10/2024,"42,300","42,050","42,750","42,050"
30/09/2024,"42,000","42,400","42,600","42,000"
27/09/2024,"42,500","42,900","42,900","42,450"
26/09/2024,"42,600","42,600","43,100","42,600"
25/09/2024,"42,600","42,750","42,900","42,400"
24/09/2024,"42,550","42,400","42,650","42,350"
23/09/2024,"42,350","42,900","42,900","42,350"
20/09/2024,"42,300","43,000","43,650","42,300"
19/09/2024,"42,900","42,800","43,200","42,700"
18/09/2024,"42,650","42,900","43,300","42,650"
17/09/2024,"42,900","42,050","43,200","42,050"
16/09/2024,"42,050","42,700","43,600","42,050"
13/09/2024,"42,900","42,900","42,950","42,500"
12/9/2024,"42,900","43,050","43,250","42,550"
11/9/2024,"43,000","42,650","43,000","42,100"
10/9/2024,"43,000","43,700","43,900","42,600"
9/9/2024,"43,700","44,500","44,650","43,200"
6/9/2024,"44,650","44,950","45,850","44,600"
5/9/2024,"45,050","44,100","45,950","44,000"
4/9/2024,"44,200","41,150","44,300","41,150"
30/08/2024,"44,200","44,400","45,200","44,000"
29/08/2024,"44,200","44,100","44,800","44,050"
28/08/2024,"44,400","46,900","46,900","44,000"
27/08/2024,"45,100","41,650","45,100","41,450"
26/08/2024,"42,200","41,550","42,300","41,550"
23/08/2024,"41,550","41,350","42,900","41,350"
22/08/2024,"41,550","38,950","42,350","38,950"
21/08/2024,"41,850","41,300","42,000","41,250"
20/08/2024,"41,700","40,300","42,150","40,300"
19/08/2024,"41,150","40,800","42,500","40,800"
16/08/2024,"41,150","40,800","41,600","40,800"
15/08/2024,"40,950","40,800","41,150","40,700"
14/08/2024,"40,900","40,800","41,200","40,750"
13/08/2024,"40,700","40,600","41,200","40,600"
12/8/2024,"40,600","40,300","41,200","40,300"
9/8/2024,"41,200","41,800","42,000","41,000"
8/8/2024,"44,000","42,400","44,000","41,300"
7/8/2024,"42,350","41,000","44,150","40,850"
6/8/2024,"41,300","38,450","42,700","38,450"
5/8/2024,"41,300","41,000","42,300","39,100"
2/8/2024,"42,000","42,150","42,200","40,800"
1/8/2024,"42,100","42,100","42,300","41,500"
31/07/2024,"42,300","42,300","42,300","41,550"
30/07/2024,"42,200","41,950","42,200","41,000"
29/07/2024,"41,600","41,600","41,600","40,750"
26/07/2024,"41,600","41,900","42,150","41,250"
25/07/2024,"41,600","41,300","42,600","40,850"
24/07/2024,"40,900","40,800","41,000","40,450"
23/07/2024,"40,850","40,750","40,850","40,400"
22/07/2024,"40,750","40,750","41,000","40,200"
19/07/2024,"40,750","40,700","41,100","40,300"
18/07/2024,"40,550","40,600","40,600","40,150"
17/07/2024,"40,600","41,000","41,000","40,150"
16/07/2024,"41,050","41,350","41,700","40,700"
15/07/2024,"41,350","41,750","42,250","41,300"
12/7/2024,"41,750","41,700","42,800","41,650"
11/7/2024,"41,100","40,900","41,750","40,700"
10/7/2024,"40,600","40,950","40,950","40,600"
9/7/2024,"40,800","40,500","40,950","40,150"
8/7/2024,"40,400","41,400","41,400","40,350"
5/7/2024,"41,400","41,400","41,450","41,100"
4/7/2024,"41,400","41,500","41,700","41,300"
3/7/2024,"41,350","41,600","41,650","41,250"
2/7/2024,"41,600","41,400","41,750","41,300"
1/7/2024,"41,350","41,400","41,400","41,050"
28/06/2024,"41,200","41,100","41,350","40,900"
27/06/2024,"41,000","41,100","41,400","41,000"
26/06/2024,"41,200","41,300","41,700","41,150"
25/06/2024,"41,200","41,150","42,000","41,150"
24/06/2024,"41,100","41,650","42,300","41,100"
21/06/2024,"41,650","41,450","41,650","41,150"
20/06/2024,"41,450","41,550","41,800","41,350"
19/06/2024,"41,500","42,350","42,450","41,450"
18/06/2024,"42,100","42,300","42,950","42,100"
17/06/2024,"42,000","42,600","42,950","42,000"
14/06/2024,"42,000","43,200","43,250","42,000"
13/06/2024,"43,200","43,300","43,500","42,900"
12/6/2024,"43,300","42,800","43,500","42,500"
11/6/2024,"43,200","43,300","43,450","42,550"
10/6/2024,"43,450","43,500","43,900","43,400"
7/6/2024,"43,500","43,900","44,000","43,200"
6/6/2024,"43,700","44,300","44,350","43,700"
5/6/2024,"44,200","44,100","44,750","44,100"
4/6/2024,"44,100","44,300","44,550","44,000"
3/6/2024,"43,950","43,800","44,600","43,800"
31/05/2024,"43,550","43,500","44,600","43,300"
30/05/2024,"43,150","44,400","44,500","43,150"
29/05/2024,"44,400","45,050","45,200","44,250"
28/05/2024,"45,050","45,000","45,300","44,450"
27/05/2024,"45,050","44,950","45,250","44,450"
24/05/2024,"44,950","45,150","45,600","44,150"
23/05/2024,"45,550","45,250","45,900","44,750"
22/05/2024,"45,500","46,350","46,900","45,500"
21/05/2024,"46,450","47,000","47,700","46,450"
20/05/2024,"46,700","47,000","47,550","46,350"
17/05/2024,"46,850","46,750","46,900","46,250"
16/05/2024,"46,750","46,600","47,150","46,200"
15/05/2024,"46,350","46,200","46,750","46,000"
14/05/2024,"46,050","48,100","48,100","46,050"
13/05/2024,"45,000","45,300","45,350","44,350"
10/5/2024,"45,000","45,400","45,700","44,500"
9/5/2024,"45,400","45,400","46,000","45,050"
8/5/2024,"45,400","45,100","45,400","44,300"
7/5/2024,"45,000","45,350","45,350","44,500"
6/5/2024,"44,750","44,450","44,750","43,850"
3/5/2024,"44,450","44,600","44,900","44,000"
2/5/2024,"44,400","44,000","44,400","43,600"
26/04/2024,"44,450","41,950","44,450","41,900"
25/04/2024,"42,000","41,700","42,350","41,300"
24/04/2024,"41,600","41,100","41,950","41,100"
23/04/2024,"41,000","42,450","42,450","41,000"
22/04/2024,"42,000","42,650","43,000","41,700"
19/04/2024,"42,600","43,600","44,000","42,600"
17/04/2024,"45,000","46,500","46,500","44,500"
16/04/2024,"46,400","47,000","47,000","44,650"
15/04/2024,"47,000","48,000","48,200","46,000"
12/4/2024,"48,450","48,350","48,700","48,150"
11/4/2024,"48,300","48,250","48,550","47,750"
10/4/2024,"48,500","47,700","48,650","47,650"
9/4/2024,"47,700","47,600","47,700","47,000"
8/4/2024,"47,700","48,000","48,000","47,350"
5/4/2024,"47,800","47,450","47,950","47,300"
4/4/2024,"47,850","47,250","47,950","47,250"
3/4/2024,"47,750","47,500","47,850","47,200"
2/4/2024,"47,800","47,000","47,900","46,500"
1/4/2024,"47,850","47,650","48,100","47,350"
29/03/2024,"47,650","47,850","47,900","47,300"
28/03/2024,"47,600","47,050","47,950","46,900"
27/03/2024,"47,050","47,050","47,300","46,700"
26/03/2024,"47,050","47,000","47,200","46,600"
25/03/2024,"46,850","46,600","47,400","46,150"
22/03/2024,"46,600","46,500","46,700","46,050"
21/03/2024,"46,500","46,500","46,850","45,900"
20/03/2024,"46,500","46,800","47,000","45,800"
19/03/2024,"47,000","46,200","47,300","45,600"
18/03/2024,"46,100","44,850","46,200","43,900"
15/03/2024,"44,400","45,900","46,000","44,400"
14/03/2024,"45,950","45,200","46,850","45,000"
13/03/2024,"45,000","44,250","45,000","44,100"
12/3/2024,"44,150","44,350","44,600","44,050"
11/3/2024,"44,350","44,900","45,250","44,350"
8/3/2024,"44,800","46,000","46,000","44,800"
7/3/2024,"45,600","45,600","45,850","45,350"
6/3/2024,"45,300","45,300","46,850","45,200"
5/3/2024,"45,300","45,200","45,500","45,000"
4/3/2024,"45,250","45,300","45,750","45,150"
1/3/2024,"45,250","45,000","45,600","44,850"
29/02/2024,"45,000","46,000","46,150","45,000"
28/02/2024,"45,600","45,900","46,400","45,250"
27/02/2024,"45,150","44,800","45,650","44,350"
26/02/2024,"44,600","45,350","45,750","44,300"
23/02/2024,"45,200","47,950","47,950","45,200"
22/02/2024,"47,600","47,250","47,700","47,000"
21/02/2024,"47,250","48,550","48,550","47,100"
20/02/2024,"48,500","48,000","49,350","47,900"
19/02/2024,"47,000","44,300","47,000","44,300"
16/02/2024,"43,950","42,550","44,150","42,500"
15/02/2024,"42,550","42,500","42,800","42,200"
7/2/2024,"42,400","42,300","42,400","42,000"
6/2/2024,"42,300","42,250","42,350","41,900"
5/2/2024,"42,200","42,200","42,200","41,800"
2/2/2024,"42,100","42,350","42,500","42,050"
1/2/2024,"42,350","42,450","42,500","42,050"
31/01/2024,"42,500","42,700","42,800","42,100"
30/01/2024,"42,700","42,650","42,800","42,500"
29/01/2024,"42,650","42,800","42,850","42,400"
26/01/2024,"42,800","42,700","43,000","42,650"
25/01/2024,"42,800","43,100","43,100","42,800"
24/01/2024,"43,150","43,200","43,250","42,900"
23/01/2024,"43,100","43,400","43,400","42,900"
22/01/2024,"43,300","43,500","43,500","43,150"
19/01/2024,"43,300","43,350","43,450","43,150"
18/01/2024,"43,350","43,000","43,500","43,000"
17/01/2024,"43,200","43,150","43,450","42,950"
16/01/2024,"43,150","43,000","43,250","42,850"
15/01/2024,"43,050","43,500","43,500","43,050"
12/1/2024,"43,000","43,500","43,500","42,700"
11/1/2024,"43,650","43,600","44,000","43,400"
10/1/2024,"43,600","43,900","44,050","43,200"
9/1/2024,"43,900","44,300","44,400","43,900"
8/1/2024,"44,350","44,450","44,750","44,100"
5/1/2024,"44,100","44,150","44,200","43,900"
4/1/2024,"44,150","44,150","44,400","43,800"
3/1/2024,"44,150","43,500","44,150","43,500"
2/1/2024,"44,000","44,950","44,950","44,000"
29/12/2023,"44,600","44,650","44,850","44,450"
28/12/2023,"44,450","43,600","44,600","43,600"
27/12/2023,"43,600","43,650","43,950","43,600"
26/12/2023,"43,550","43,400","43,750","43,350"
25/12/2023,"43,400","43,100","43,550","43,000"
22/12/2023,"43,150","43,200","43,350","42,750"
21/12/2023,"43,200","43,000","43,300","42,800"
20/12/2023,"43,250","42,950","43,450","42,850"
19/12/2023,"43,200","43,300","43,300","42,300"
18/12/2023,"43,200","43,700","43,950","43,050"
15/12/2023,"43,700","43,700","43,950","43,050"
14/12/2023,"43,800","43,950","44,050","43,450"
13/12/2023,"43,900","44,100","44,350","43,200"
12/12/2023,"44,250","44,050","44,400","44,000"
11/12/2023,"44,050","43,250","44,350","43,250"
8/12/2023,"42,950","42,600","43,050","42,550"
7/12/2023,"42,800","42,800","43,200","41,900"
6/12/2023,"42,800","42,500","43,000","42,500"
5/12/2023,"42,800","42,950","43,150","42,600"
4/12/2023,"42,950","42,100","43,000","42,100"
1/12/2023,"42,100","42,050","42,200","41,850"
30/11/2023,"41,750","42,500","42,850","41,750"
29/11/2023,"42,550","42,400","42,650","42,300"
28/11/2023,"42,400","41,850","42,500","41,600"
27/11/2023,"41,850","41,300","42,200","41,300"
24/11/2023,"41,350","41,350","41,500","40,600"
23/11/2023,"41,300","42,000","42,600","41,300"
22/11/2023,"42,000","42,950","43,000","41,850"
21/11/2023,"42,600","43,050","43,150","42,050"
20/11/2023,"42,700","40,900","42,800","40,900"
17/11/2023,"42,200","45,200","45,200","42,150"
16/11/2023,"45,100","45,400","45,400","44,850"
15/11/2023,"45,400","45,400","45,600","44,900"
14/11/2023,"44,950","44,950","45,500","44,500"
13/11/2023,"44,800","45,050","45,050","44,450"
10/11/2023,"44,950","45,000","45,200","44,400"
9/11/2023,"45,400","44,000","45,700","44,000"
8/11/2023,"43,000","41,900","43,050","41,600"
7/11/2023,"42,050","41,800","42,150","41,250"
6/11/2023,"42,100","41,950","42,300","41,650"
3/11/2023,"41,600","41,700","42,100","41,250"
2/11/2023,"41,450","40,500","41,500","39,650"
1/11/2023,"40,400","39,700","40,500","39,450"
31/10/2023,"40,500","41,050","41,550","40,450"
30/10/2023,"41,500","41,300","41,550","39,750"
27/10/2023,"41,600","41,650","41,800","38,700"
26/10/2023,"41,600","42,900","42,950","41,600"
25/10/2023,"44,700","44,200","45,300","43,850"
24/10/2023,"43,450","43,200","43,500","42,900"
23/10/2023,"43,400","43,350","43,400","42,600"
20/10/2023,"43,350","43,000","43,350","41,850"
19/10/2023,"43,200","43,800","43,900","42,400"
18/10/2023,"43,800","44,050","44,550","41,500"
17/10/2023,"44,000","45,000","45,150","44,000"
16/10/2023,"45,000","46,050","46,050","45,000"
13/10/2023,"46,100","46,050","46,450","45,550"
12/10/2023,"46,500","46,000","47,300","45,800"
11/10/2023,"45,450","45,050","45,450","45,000"
10/10/2023,"44,900","45,600","46,150","44,900"
9/10/2023,"45,200","46,000","46,050","45,200"
6/10/2023,"45,950","45,900","46,250","45,000"
5/10/2023,"45,600","46,200","46,400","44,800"
4/10/2023,"46,100","44,500","46,300","44,050"
3/10/2023,"44,500","45,900","46,000","43,850"
2/10/2023,"46,900","47,000","47,550","46,500"
29/09/2023,"46,850","45,200","48,150","45,150"
28/09/2023,"45,000","45,200","45,300","44,100"
27/09/2023,"45,200","44,600","45,250","44,050"
26/09/2023,"45,000","46,000","46,750","44,550"
25/09/2023,"46,500","50,100","50,400","46,500"
22/09/2023,"50,000","51,500","51,600","49,800"
21/09/2023,"52,200","53,800","53,800","52,200"
20/09/2023,"53,500","52,000","53,500","51,700"
19/09/2023,"51,700","53,500","53,900","51,500"
18/09/2023,"53,000","53,600","53,600","52,400"
15/09/2023,"53,600","56,000","56,300","53,200"
14/09/2023,"55,500","59,100","59,300","55,500"
13/09/2023,"59,200","60,800","61,400","59,100"
12/9/2023,"60,300","59,800","60,500","59,100"
11/9/2023,"59,100","60,100","61,400","59,100"
8/9/2023,"59,100","60,500","60,600","59,100"
7/9/2023,"60,800","62,000","62,500","60,800"
6/9/2023,"61,600","62,400","62,500","60,800"
5/9/2023,"62,300","62,500","63,900","61,700"
31/08/2023,"62,100","62,500","64,100","62,000"
30/08/2023,"62,000","63,000","63,000","60,600"
29/08/2023,"63,400","65,700","65,900","63,200"
28/08/2023,"64,700","65,000","66,700","64,500"
25/08/2023,"63,500","65,200","66,700","63,300"
24/08/2023,"64,200","65,700","65,800","62,600"
23/08/2023,"65,000","69,000","69,000","65,000"
22/08/2023,"64,500","67,000","67,100","62,800"
21/08/2023,"65,800","66,000","66,100","63,300"
18/08/2023,"66,900","69,100","70,000","66,900"
17/08/2023,"71,900","75,600","76,600","71,900"
16/08/2023,"75,600","75,600","75,600","75,400"
15/08/2023,"70,700","73,000","73,300","70,700"
14/08/2023,"73,300","74,900","75,400","71,500"
11/8/2023,"72,600","72,600","72,600","72,100"
10/8/2023,"67,900","66,300","68,400","66,100"
9/8/2023,"65,800","67,000","67,800","65,700"
8/8/2023,"67,000","64,000","67,500","63,600"
7/8/2023,"63,900","63,500","64,300","62,400"
4/8/2023,"62,200","59,000","62,200","59,000"
3/8/2023,"58,200","58,300","59,500","58,000"
2/8/2023,"58,300","59,000","59,900","58,100"
1/8/2023,"58,900","58,800","58,900","58,000"
31/07/2023,"55,100","55,100","55,100","54,600"
28/07/2023,"51,500","51,100","51,600","50,900"
27/07/2023,"51,100","51,000","51,500","50,800"
26/07/2023,"51,000","51,400","51,900","51,000"
25/07/2023,"51,500","52,100","52,200","51,500"
24/07/2023,"52,000","52,200","52,600","51,800"
21/07/2023,"52,100","52,000","52,300","51,600"
20/07/2023,"52,000","52,100","52,600","51,600"
19/07/2023,"52,100","52,900","52,900","52,100"
18/07/2023,"52,700","53,000","53,100","52,600"
17/07/2023,"52,900","51,600","53,100","51,400"
14/07/2023,"51,400","51,800","51,800","51,000"
13/07/2023,"51,500","51,500","52,000","51,200"
12/7/2023,"51,400","51,100","51,900","50,800"
11/7/2023,"50,800","51,000","51,300","50,800"
10/7/2023,"50,900","50,500","51,200","50,200"
7/7/2023,"50,100","50,500","50,600","50,000"
6/7/2023,"50,400","51,000","51,400","50,400"
5/7/2023,"51,000","51,400","51,600","50,900"
4/7/2023,"51,300","51,500","51,500","51,100"
3/7/2023,"51,100","51,500","51,700","51,100"
30/06/2023,"51,000","51,800","51,900","51,000"
29/06/2023,"51,800","52,200","52,400","51,800"
28/06/2023,"52,200","52,600","52,700","52,000"
27/06/2023,"52,400","52,200","53,000","52,200"
26/06/2023,"52,200","52,100","52,700","51,900"
23/06/2023,"52,000","52,100","52,300","51,900"
22/06/2023,"52,400","52,700","52,800","52,000"
21/06/2023,"52,400","52,100","52,400","51,700"
20/06/2023,"52,000","52,000","52,500","51,900"
19/06/2023,"52,100","53,800","53,800","52,100"
16/06/2023,"53,500","53,800","54,000","52,600"
15/06/2023,"53,500","53,800","54,500","53,300"
14/06/2023,"53,800","54,100","54,700","53,800"
13/06/2023,"54,100","53,700","54,300","53,300"
12/6/2023,"53,400","52,500","53,400","52,500"
9/6/2023,"52,300","52,500","52,600","52,200"
8/6/2023,"52,400","52,800","53,000","52,400"
7/6/2023,"52,800","53,300","53,600","52,600"
6/6/2023,"53,200","52,200","53,200","52,200"
5/6/2023,"52,100","52,100","52,500","52,000"
2/6/2023,"52,000","52,000","52,300","51,900"
1/6/2023,"52,000","52,000","52,200","51,600"
31/05/2023,"52,000","52,400","52,400","52,000"
30/05/2023,"52,400","52,700","52,900","52,300"
29/05/2023,"52,700","52,000","52,900","52,000"
26/05/2023,"52,000","52,400","52,500","52,000"
25/05/2023,"52,600","52,600","52,700","52,200"
24/05/2023,"52,600","52,800","52,800","52,300"
23/05/2023,"52,600","52,200","53,500","52,200"
22/05/2023,"52,100","52,500","52,700","51,900"
19/05/2023,"52,500","53,400","53,400","52,100"
18/05/2023,"53,200","53,600","53,800","53,000"
17/05/2023,"53,200","52,900","53,800","52,500"
16/05/2023,"52,900","54,600","54,800","52,800"
15/05/2023,"54,400","54,900","54,900","54,000"
12/5/2023,"51,700","50,700","51,900","50,500"
11/5/2023,"50,500","50,700","50,700","50,300"
10/5/2023,"50,600","50,800","50,800","50,400"
9/5/2023,"50,600","50,900","51,000","50,400"
8/5/2023,"50,900","50,700","50,900","50,500"
5/5/2023,"50,700","50,900","51,400","50,600"
4/5/2023,"51,300","52,100","52,100","51,100"
28/04/2023,"52,100","50,600","52,100","50,600"
27/04/2023,"50,500","51,800","51,800","50,500"
26/04/2023,"51,900","52,400","52,400","51,700"
25/04/2023,"52,500","52,800","52,800","51,800"
24/04/2023,"52,600","52,700","52,700","52,200"
21/04/2023,"52,700","52,600","52,700","52,100"
20/04/2023,"52,600","52,500","52,700","52,200"
19/04/2023,"52,600","52,600","52,700","52,300"
18/04/2023,"52,800","52,900","52,900","52,400"
17/04/2023,"52,900","52,900","53,000","52,400"
14/04/2023,"52,900","53,200","53,500","52,700"
13/04/2023,"53,000","53,100","53,500","52,700"
12/4/2023,"53,100","53,300","53,500","52,600"
11/4/2023,"53,600","53,700","53,700","52,800"
10/4/2023,"53,800","54,500","54,600","53,300"
7/4/2023,"54,400","55,000","55,000","53,400"
6/4/2023,"54,500","56,400","56,400","54,500"
5/4/2023,"55,500","56,700","56,700","55,000"
4/4/2023,"56,800","58,500","58,700","56,800"
3/4/2023,"58,000","55,900","58,800","55,600"
31/03/2023,"55,000","53,600","55,200","53,600"
30/03/2023,"53,700","53,500","54,900","53,400"
29/03/2023,"53,500","53,500","53,600","52,900"
28/03/2023,"53,400","53,300","53,600","53,200"
27/03/2023,"53,300","53,300","53,800","52,800"
24/03/2023,"53,300","52,800","53,700","52,500"
23/03/2023,"52,800","52,200","52,800","52,100"
22/03/2023,"52,800","52,600","52,900","52,100"
21/03/2023,"52,800","52,800","53,400","51,600"
20/03/2023,"52,800","53,000","53,200","51,400"
17/03/2023,"53,200","53,900","54,000","52,400"
16/03/2023,"53,300","54,000","55,700","53,000"
15/03/2023,"54,000","53,000","54,000","53,000"
14/03/2023,"53,000","53,200","53,200","52,600"
13/03/2023,"53,300","53,100","53,400","52,500"
10/3/2023,"53,100","53,000","53,300","52,500"
9/3/2023,"53,000","53,000","53,600","52,600"
8/3/2023,"53,000","52,200","53,300","52,200"
7/3/2023,"52,700","53,000","53,200","52,400"
6/3/2023,"52,600","52,700","53,300","52,100"
3/3/2023,"52,700","52,800","53,000","52,200"
2/3/2023,"52,800","52,500","53,300","52,300"
1/3/2023,"52,700","52,000","53,300","51,600"
28/02/2023,"52,600","52,500","53,000","52,000"
27/02/2023,"52,500","52,000","52,500","51,400"
24/02/2023,"52,900","52,100","52,900","51,700"
23/02/2023,"53,000","52,800","53,100","51,100"
22/02/2023,"53,000","53,500","53,600","52,400"
21/02/2023,"54,300","54,200","54,700","53,700"
20/02/2023,"54,100","53,300","55,000","53,000"
17/02/2023,"53,500","53,400","53,500","52,200"
16/02/2023,"53,400","53,000","53,700","51,400"
15/02/2023,"52,900","52,700","52,900","50,900"
14/02/2023,"52,900","53,100","53,100","50,800"
13/02/2023,"53,400","53,100","53,600","52,500"
10/2/2023,"54,000","53,500","54,300","52,600"
9/2/2023,"54,200","53,500","54,500","52,400"
8/2/2023,"54,400","54,600","54,600","53,000"
7/2/2023,"55,000","56,000","56,000","53,600"
6/2/2023,"56,000","55,300","56,000","54,300"
3/2/2023,"56,000","56,000","56,000","55,000"
2/2/2023,"55,800","55,200","56,100","55,100"
1/2/2023,"55,200","57,600","57,600","54,800"
31/01/2023,"57,100","58,100","58,500","56,500"
30/01/2023,"57,700","59,500","59,500","57,500"
27/01/2023,"59,200","57,800","59,300","57,600"
19/01/2023,"57,400","56,300","57,400","56,000"
18/01/2023,"56,700","55,400","56,700","55,000"
17/01/2023,"55,200","53,500","55,200","53,500"
16/01/2023,"54,800","55,000","55,000","53,400"
13/01/2023,"55,000","55,000","55,300","54,400"
12/1/2023,"55,000","55,500","55,500","54,500"
11/1/2023,"55,100","54,500","55,500","54,100"
10/1/2023,"54,500","55,000","55,000","53,600"
9/1/2023,"55,000","56,200","56,200","55,000"
6/1/2023,"56,100","56,000","56,100","54,900"
5/1/2023,"56,200","56,100","56,900","55,800"
4/1/2023,"56,000","56,900","57,100","55,900"
3/1/2023,"56,800","53,800","56,800","53,400"
30/12/2022,"53,800","53,800","53,900","53,000"
29/12/2022,"53,600","53,200","54,000","52,500"
28/12/2022,"53,500","53,500","53,500","52,100"
27/12/2022,"53,400","52,900","54,800","52,100"
26/12/2022,"52,900","55,000","55,000","52,500"
23/12/2022,"55,100","55,300","55,900","53,900"
22/12/2022,"55,000","56,000","57,000","55,000"
21/12/2022,"54,900","56,600","57,000","54,800"
20/12/2022,"55,900","56,500","57,800","55,100"
19/12/2022,"56,500","59,000","59,400","56,500"
16/12/2022,"58,400","60,600","60,800","58,400"
15/12/2022,"60,600","61,100","61,600","60,300"
14/12/2022,"60,800","62,500","63,700","60,300"
13/12/2022,"61,600","63,900","64,000","60,100"
12/12/2022,"63,100","67,800","68,000","63,100"
9/12/2022,"67,800","70,500","71,700","67,800"
8/12/2022,"69,900","74,400","74,500","69,900"
7/12/2022,"71,200","69,200","71,200","68,500"
6/12/2022,"66,600","68,100","68,500","65,000"
5/12/2022,"68,100","68,800","70,000","68,000"
2/12/2022,"68,800","65,100","68,800","65,100"
1/12/2022,"66,000","69,400","69,600","66,000"
30/11/2022,"69,600","69,500","70,200","68,000"
29/11/2022,"69,400","65,000","69,400","64,200"
28/11/2022,"65,000","66,500","67,100","65,000"
25/11/2022,"65,000","63,000","65,000","62,600"
24/11/2022,"61,000","60,000","62,100","60,000"
23/11/2022,"59,700","60,100","62,600","59,700"
22/11/2022,"61,000","64,000","65,900","61,000"
21/11/2022,"64,000","66,000","66,700","63,600"
18/11/2022,"65,600","66,900","66,900","63,100"
17/11/2022,"64,600","62,400","64,600","60,500"
16/11/2022,"60,400","56,900","60,900","56,100"
15/11/2022,"57,000","55,900","57,500","55,000"
14/11/2022,"55,000","54,200","55,500","53,100"
11/11/2022,"54,300","53,000","54,800","52,500"
10/11/2022,"53,000","53,600","54,000","52,000"
9/11/2022,"53,700","53,300","54,300","52,200"
8/11/2022,"53,300","52,200","53,300","49,700"
7/11/2022,"53,400","54,000","54,000","51,700"
4/11/2022,"54,300","54,900","54,900","52,100"
3/11/2022,"55,100","54,400","55,100","54,300"
2/11/2022,"55,400","55,300","55,400","54,000"
1/11/2022,"55,400","55,700","55,800","54,000"
31/10/2022,"55,400","56,000","56,400","54,300"
28/10/2022,"55,700","55,400","55,800","53,500"
27/10/2022,"55,000","54,600","55,000","52,500"
26/10/2022,"54,800","56,100","56,100","53,500"
25/10/2022,"56,100","56,300","56,300","53,000"
24/10/2022,"56,500","56,000","56,600","52,900"
21/10/2022,"56,800","58,500","58,500","54,500"
20/10/2022,"58,600","58,100","58,700","57,200"
19/10/2022,"58,500","58,500","58,700","56,500"
18/10/2022,"58,400","56,500","58,600","56,500"
17/10/2022,"56,000","58,600","59,000","56,000"
14/10/2022,"59,700","60,500","60,500","58,400"
13/10/2022,"60,400","58,700","61,000","58,200"
12/10/2022,"60,000","60,000","60,200","58,300"
11/10/2022,"60,000","58,300","60,100","56,700"
10/10/2022,"60,200","60,200","60,900","57,700"
7/10/2022,"60,200","60,500","60,700","58,300"
6/10/2022,"60,100","59,800","62,000","58,100"
5/10/2022,"60,000","57,500","60,900","57,000"
4/10/2022,"57,000","56,000","57,000","54,600"
3/10/2022,"55,500","54,900","55,500","53,000"
30/09/2022,"55,000","53,300","56,400","53,300"
29/09/2022,"54,600","57,700","58,200","54,300"
28/09/2022,"57,500","60,100","60,800","57,500"
27/09/2022,"61,000","62,100","62,200","60,800"
26/09/2022,"62,000","61,800","62,600","61,600"
23/09/2022,"62,600","63,000","63,300","62,000"
22/09/2022,"63,300","62,500","63,300","58,700"
21/09/2022,"63,100","63,500","63,600","62,700"
20/09/2022,"63,900","62,600","63,900","62,600"
19/09/2022,"62,900","62,500","63,300","62,100"
16/09/2022,"62,500","63,200","64,500","62,500"
15/09/2022,"63,900","63,500","64,000","62,800"
14/09/2022,"63,400","63,500","63,700","62,100"
13/09/2022,"64,100","64,000","64,300","63,600"
12/9/2022,"64,000","64,900","64,900","63,800"
9/9/2022,"64,400","63,200","64,400","62,900"
8/9/2022,"62,900","63,300","63,600","62,400"
7/9/2022,"62,500","63,300","63,400","62,500"
6/9/2022,"63,300","64,100","64,800","63,100"
5/9/2022,"64,000","64,800","65,200","64,000"
31/08/2022,"63,700","64,000","65,700","63,700"
30/08/2022,"63,600","63,600","64,100","63,200"
29/08/2022,"63,600","64,300","64,400","63,000"
26/08/2022,"65,000","66,000","66,000","65,000"
25/08/2022,"65,900","65,000","65,900","65,000"
24/08/2022,"64,900","65,200","65,800","64,900"
23/08/2022,"65,000","65,500","65,600","64,800"
22/08/2022,"66,000","67,200","68,000","66,000"
19/08/2022,"67,900","68,000","68,400","66,800"
18/08/2022,"68,100","67,200","69,300","67,200"
17/08/2022,"67,300","66,200","67,800","66,000"
16/08/2022,"65,900","66,400","66,400","65,700"
15/08/2022,"66,400","66,300","66,500","66,100"
12/8/2022,"66,200","65,800","66,200","65,500"
11/8/2022,"65,800","65,600","66,400","65,000"
10/8/2022,"64,800","65,000","65,600","64,700"
9/8/2022,"65,300","64,800","65,400","64,700"
8/8/2022,"64,600","65,400","65,700","64,600"
5/8/2022,"65,400","65,900","66,200","65,200"
4/8/2022,"66,400","66,000","66,400","65,400"
3/8/2022,"66,000","65,800","66,400","65,100"
2/8/2022,"66,600","64,800","66,600","64,500"
1/8/2022,"64,700","64,900","65,100","64,100"
29/07/2022,"64,000","67,800","67,800","64,000"
28/07/2022,"67,000","66,600","67,100","66,000"
27/07/2022,"66,500","66,200","66,800","66,000"
26/07/2022,"66,100","66,100","67,600","66,100"
25/07/2022,"67,300","66,900","67,400","66,500"
22/07/2022,"66,500","68,100","68,500","66,500"
21/07/2022,"68,500","68,200","68,800","68,100"
20/07/2022,"68,200","68,800","69,000","68,200"
19/07/2022,"68,800","68,000","69,000","68,000"
18/07/2022,"68,000","69,600","69,600","68,000"
15/07/2022,"69,600","69,100","69,800","68,600"
14/07/2022,"69,500","69,500","69,800","68,500"
13/07/2022,"69,500","68,600","70,000","68,300"
12/7/2022,"69,900","68,600","70,200","68,000"
11/7/2022,"70,000","67,700","70,000","66,200"
8/7/2022,"70,000","70,000","70,700","67,500"
7/7/2022,"69,800","68,000","69,800","66,500"
6/7/2022,"67,500","72,000","72,100","67,500"
5/7/2022,"72,300","72,700","72,800","72,000"
4/7/2022,"72,700","72,400","72,700","72,200"
1/7/2022,"72,600","73,200","73,400","72,100"
30/06/2022,"73,500","72,700","73,500","72,400"
29/06/2022,"73,400","72,800","73,400","72,300"
28/06/2022,"73,600","73,000","73,800","72,400"
27/06/2022,"73,800","73,800","74,800","73,500"
24/06/2022,"74,600","73,500","74,600","72,000"
23/06/2022,"74,200","74,100","74,200","73,000"
22/06/2022,"75,000","74,700","75,000","73,600"
21/06/2022,"75,000","75,200","75,200","73,800"
20/06/2022,"75,600","76,600","76,600","75,300"
17/06/2022,"76,600","75,800","76,600","75,100"
16/06/2022,"76,600","76,000","77,700","75,800"
15/06/2022,"76,700","76,600","76,900","75,300"
14/06/2022,"76,600","76,200","76,600","75,200"
13/06/2022,"76,400","76,600","77,400","76,200"
10/6/2022,"78,000","77,800","78,200","77,500"
9/6/2022,"78,100","78,000","78,200","77,300"
8/6/2022,"78,100","77,800","78,700","77,600"
7/6/2022,"78,000","78,500","78,500","77,700"
6/6/2022,"78,500","78,700","78,900","77,900"
3/6/2022,"78,800","78,100","79,200","78,000"
2/6/2022,"78,900","79,200","79,200","77,600"
1/6/2022,"79,300","78,600","79,400","78,300"
31/05/2022,"78,800","78,000","79,500","77,700"
30/05/2022,"78,500","78,000","78,500","77,200"
27/05/2022,"78,000","77,400","78,000","77,000"
26/05/2022,"77,700","77,700","77,700","76,800"
25/05/2022,"77,700","77,600","78,100","76,700"
24/05/2022,"77,600","77,000","77,600","76,400"
23/05/2022,"77,400","77,600","77,700","76,200"
20/05/2022,"77,800","77,900","77,900","76,500"
19/05/2022,"77,900","76,400","79,000","76,200"
18/05/2022,"78,000","78,000","78,000","76,000"
17/05/2022,"78,000","76,000","78,000","75,200"
16/05/2022,"77,000","79,000","79,000","76,200"
13/05/2022,"78,000","79,000","79,000","77,200"
12/5/2022,"79,000","80,000","80,000","77,100"
11/5/2022,"80,500","80,200","80,500","78,700"
10/5/2022,"80,400","78,900","80,400","78,100"
9/5/2022,"79,100","78,700","79,200","77,900"
6/5/2022,"79,800","78,500","80,000","78,000"
5/5/2022,"80,000","79,600","80,000","78,500"
4/5/2022,"79,700","79,600","80,000","77,700"
29/04/2022,"80,000","77,500","80,000","76,600"
28/04/2022,"77,900","78,000","78,200","76,300"
27/04/2022,"78,000","77,500","78,000","75,000"
26/04/2022,"78,000","73,500","78,500","73,500"
25/04/2022,"76,200","77,800","79,200","72,700"
22/04/2022,"77,700","77,700","79,000","77,600"
21/04/2022,"77,500","79,000","79,500","77,500"
20/04/2022,"79,300","78,000","79,800","78,000"
19/04/2022,"78,800","78,600","79,800","77,800"
18/04/2022,"79,500","80,000","80,100","78,100"
15/04/2022,"80,700","81,500","81,800","80,600"
14/04/2022,"81,700","81,600","82,200","81,100"
13/04/2022,"82,200","81,000","82,300","80,700"
12/4/2022,"81,300","81,400","81,400","80,300"
8/4/2022,"81,700","80,000","82,400","80,000"
7/4/2022,"79,500","80,200","80,300","77,600"
6/4/2022,"80,500","80,500","82,300","79,500"
5/4/2022,"82,300","82,500","83,100","81,700"
4/4/2022,"82,700","82,500","82,800","81,500"
1/4/2022,"82,100","81,400","82,500","80,900"
31/03/2022,"81,200","81,100","82,300","81,000"
30/03/2022,"81,100","82,500","82,700","80,400"
29/03/2022,"80,800","80,000","81,800","79,800"
28/03/2022,"80,500","79,900","81,200","79,700"
25/03/2022,"81,000","80,600","81,000","79,700"
24/03/2022,"81,000","81,400","81,400","80,400"
23/03/2022,"81,400","82,100","82,400","81,400"
22/03/2022,"82,200","81,000","82,400","81,000"
21/03/2022,"81,000","78,800","81,000","78,300"
18/03/2022,"78,800","78,300","79,500","77,400"
17/03/2022,"78,400","78,300","78,500","77,300"
16/03/2022,"78,100","78,300","78,400","77,200"
15/03/2022,"78,300","78,000","78,600","77,000"
14/03/2022,"78,300","78,800","78,800","77,400"
11/3/2022,"79,000","78,800","79,000","77,800"
10/3/2022,"79,100","78,500","80,600","78,000"
9/3/2022,"78,000","78,100","78,700","77,300"
8/3/2022,"77,900","78,000","78,900","77,100"
7/3/2022,"78,500","78,400","79,000","77,300"
4/3/2022,"79,000","79,000","79,300","77,800"
3/3/2022,"79,000","78,900","80,400","78,300"
2/3/2022,"78,900","79,200","79,200","77,200"
1/3/2022,"79,200","77,100","79,900","77,000"
28/02/2022,"77,000","79,500","79,500","77,000"
25/02/2022,"79,100","80,900","80,900","79,100"
24/02/2022,"80,100","82,300","82,400","79,300"
23/02/2022,"82,500","82,100","82,500","82,000"
22/02/2022,"82,000","83,000","83,300","81,800"
21/02/2022,"83,600","82,100","83,800","82,000"
18/02/2022,"82,200","82,500","82,800","82,000"
17/02/2022,"83,100","82,800","83,500","82,000"
16/02/2022,"82,900","83,900","83,900","82,700"
15/02/2022,"83,700","82,000","83,800","81,800"
14/02/2022,"81,800","81,700","84,000","80,700"
11/2/2022,"81,700","83,000","83,600","81,500"
10/2/2022,"84,000","85,700","86,000","81,700"
9/2/2022,"85,700","87,600","88,700","84,900"
8/2/2022,"87,300","91,300","92,300","86,700"
7/2/2022,"91,200","96,400","97,500","91,200"
28/01/2022,"97,000","95,100","97,000","94,500"
27/01/2022,"96,500","96,500","96,500","94,200"
26/01/2022,"96,400","96,500","96,500","94,500"
25/01/2022,"96,000","95,000","97,700","93,400"
24/01/2022,"95,000","94,900","96,000","92,500"
21/01/2022,"95,500","95,900","96,000","93,300"
20/01/2022,"95,000","94,600","96,300","94,600"
19/01/2022,"95,800","95,000","95,900","93,500"
18/01/2022,"95,900","97,000","97,000","94,100"
17/01/2022,"97,000","99,000","99,200","94,500"
14/01/2022,"98,900","98,200","99,600","98,200"
13/01/2022,"98,800","101,000","101,000","98,500"
12/1/2022,"100,800","101,500","101,500","98,000"
11/1/2022,"101,000","102,000","102,000","99,800"
10/1/2022,"102,300","102,500","105,500","102,200"
7/1/2022,"102,200","106,400","106,400","102,200"
6/1/2022,"104,500","101,000","106,400","100,500"
5/1/2022,"100,000","100,800","102,200","99,500"
4/1/2022,"101,000","96,000","101,500","95,700"
31/12/2021,"95,100","95,200","96,300","94,200"
30/12/2021,"95,000","95,800","96,400","95,000"
29/12/2021,"95,500","98,000","98,000","95,200"
28/12/2021,"98,400","99,100","99,300","96,500"
27/12/2021,"99,000","97,000","99,000","96,500"
24/12/2021,"96,500","96,500","96,900","95,100"
23/12/2021,"96,000","99,600","100,000","96,000"
22/12/2021,"99,600","98,200","100,100","98,200"
21/12/2021,"98,100","99,000","100,800","98,100"
20/12/2021,"99,000","102,000","102,000","99,000"
17/12/2021,"102,000","100,000","102,700","98,800"
16/12/2021,"100,000","100,000","101,500","98,300"
15/12/2021,"100,000","102,700","102,700","99,900"
14/12/2021,"102,500","103,000","103,100","101,600"
13/12/2021,"103,200","102,700","104,500","101,000"
10/12/2021,"103,100","107,000","107,200","103,100"
9/12/2021,"107,000","105,000","107,500","104,000"
8/12/2021,"105,900","106,500","107,000","103,500"
7/12/2021,"106,700","107,400","107,500","105,600"
6/12/2021,"105,600","107,900","109,000","103,600"
3/12/2021,"105,500","109,100","109,600","105,500"
2/12/2021,"107,200","106,000","108,500","105,100"
1/12/2021,"106,000","105,000","107,300","104,000"
30/11/2021,"105,000","105,500","106,900","103,500"
29/11/2021,"105,300","99,000","105,300","98,500"
26/11/2021,"98,500","95,900","100,000","95,200"
25/11/2021,"94,000","94,800","94,800","93,800"
24/11/2021,"94,100","94,800","95,200","93,500"
23/11/2021,"94,800","94,000","95,000","93,500"
22/11/2021,"94,800","94,500","95,000","93,000"
19/11/2021,"94,800","94,600","96,000","94,000"
18/11/2021,"94,500","97,000","98,500","94,500"
17/11/2021,"96,300","94,700","97,000","94,200"
16/11/2021,"94,800","95,000","95,100","93,900"
15/11/2021,"95,000","94,500","95,100","94,000"
12/11/2021,"94,500","94,800","94,800","93,900"
11/11/2021,"94,800","94,900","95,000","93,900"
10/11/2021,"94,900","95,100","95,200","93,600"
9/11/2021,"94,900","95,400","95,400","93,200"
8/11/2021,"94,900","95,000","95,500","94,500"
5/11/2021,"95,000","94,500","95,000","94,000"
4/11/2021,"95,000","95,200","95,500","94,000"
3/11/2021,"95,300","95,800","95,800","93,900"
2/11/2021,"95,800","95,700","96,000","94,900"
1/11/2021,"95,800","95,800","96,000","94,900"
29/10/2021,"95,800","94,200","96,500","94,200"
28/10/2021,"95,000","95,000","95,400","93,600"
27/10/2021,"95,000","92,000","95,000","91,600"
26/10/2021,"92,200","91,800","92,200","90,900"
25/10/2021,"92,100","91,900","92,500","91,200"
22/10/2021,"91,800","91,000","91,800","90,800"
21/10/2021,"91,000","91,700","92,600","91,000"
20/10/2021,"92,300","92,300","92,500","89,900"
19/10/2021,"92,400","92,600","92,700","91,500"
18/10/2021,"92,600","92,300","92,900","91,100"
15/10/2021,"92,600","92,500","93,000","92,000"
14/10/2021,"92,500","93,200","93,200","91,500"
13/10/2021,"93,100","93,000","93,800","92,800"
12/10/2021,"92,900","92,000","93,000","92,000"
11/10/2021,"91,900","89,400","92,000","89,400"
8/10/2021,"89,300","89,000","89,500","88,800"
7/10/2021,"88,800","88,300","89,500","88,300"
6/10/2021,"88,600","88,800","89,000","88,100"
5/10/2021,"88,600","87,800","88,800","87,100"
4/10/2021,"87,800","87,600","88,000","87,100"
1/10/2021,"87,700","88,000","88,400","87,200"
30/09/2021,"88,000","86,500","89,400","86,500"
29/09/2021,"86,700","86,700","86,900","86,000"
28/09/2021,"86,500","85,300","87,000","85,200"
27/09/2021,"86,100","87,000","87,500","83,200"
24/09/2021,"87,000","87,100","87,500","86,300"
23/09/2021,"87,100","86,500","87,400","86,400"
22/09/2021,"86,100","85,600","86,900","85,400"
21/09/2021,"85,600","85,500","86,400","85,000"
20/09/2021,"86,700","87,000","88,900","86,000"
17/09/2021,"86,800","88,000","89,200","86,800"
16/09/2021,"87,800","91,400","91,400","87,800"
15/09/2021,"91,400","92,000","92,400","91,300"
14/09/2021,"92,000","92,300","92,900","91,900"
13/09/2021,"92,000","91,800","93,400","91,600"
10/9/2021,"91,300","91,800","92,000","91,300"
9/9/2021,"91,300","92,200","92,400","91,300"
8/9/2021,"92,000","94,000","94,300","92,000"
7/9/2021,"93,900","95,500","95,500","93,900"
6/9/2021,"95,000","94,400","95,800","94,200"
1/9/2021,"94,100","94,100","95,000","94,100"
31/08/2021,"94,100","94,100","95,100","93,800"
30/08/2021,"94,100","95,000","95,300","94,100"
27/08/2021,"94,800","93,000","95,000","91,500"
26/08/2021,"93,100","94,600","94,600","93,000"
25/08/2021,"94,600","95,400","95,400","93,000"
24/08/2021,"95,400","96,400","97,000","95,100"
23/08/2021,"96,200","97,500","97,700","95,800"
20/08/2021,"97,700","100,000","102,000","97,200"
19/08/2021,"104,000","97,900","104,000","96,700"
18/08/2021,"97,900","99,000","100,200","97,900"
17/08/2021,"98,900","100,000","103,400","98,900"
16/08/2021,"98,311","99,556","100,178","98,311"
13/08/2021,"98,578","99,111","99,733","98,222"
12/8/2021,"98,756","98,667","100,356","98,222"
11/8/2021,"98,667","100,444","101,333","98,667"
10/8/2021,"100,444","102,222","102,222","100,444"
9/8/2021,"100,533","100,622","101,067","99,200"
6/8/2021,"100,711","102,222","103,022","100,711"
5/8/2021,"101,333","101,067","102,222","100,356"
4/8/2021,"101,333","102,667","103,467","101,333"
3/8/2021,"101,778","97,244","102,222","96,889"
2/8/2021,"95,556","95,556","97,422","95,022"
30/07/2021,"95,289","95,111","95,378","94,222"
29/07/2021,"93,422","93,778","93,867","92,889"
28/07/2021,"93,511","92,711","93,778","92,444"
27/07/2021,"92,711","93,333","94,044","92,711"
26/07/2021,"92,622","93,156","93,689","91,644"
23/07/2021,"92,444","94,400","96,711","92,444"
22/07/2021,"94,400","92,444","94,933","92,178"
21/07/2021,"92,444","91,644","94,667","90,667"
20/07/2021,"91,556","91,200","91,822","88,889"
19/07/2021,"91,467","91,644","93,333","89,333"
16/07/2021,"94,044","90,756","94,311","90,756"
15/07/2021,"90,667","91,556","92,178","89,956"
14/07/2021,"91,556","91,556","94,578","90,667"
13/07/2021,"91,556","92,533","93,422","88,000"
12/7/2021,"92,444","96,444","97,778","90,400"
9/7/2021,"96,533","98,489","98,667","95,556"
8/7/2021,"98,667","100,444","100,444","98,222"
7/7/2021,"101,333","99,556","101,333","97,778"
6/7/2021,"99,556","102,222","103,111","99,556"
5/7/2021,"102,222","104,444","104,444","102,133"
2/7/2021,"104,444","104,978","105,689","104,444"
1/7/2021,"105,422","106,400","106,578","105,333"
30/06/2021,"105,778","104,889","108,000","104,889"
29/06/2021,"104,889","103,911","106,044","103,911"
28/06/2021,"103,733","104,444","104,533","103,733"
25/06/2021,"104,444","104,178","104,889","103,733"
24/06/2021,"104,444","104,800","105,067","103,822"
23/06/2021,"103,911","104,889","104,978","103,556"
22/06/2021,"104,444","104,889","105,511","104,089"
21/06/2021,"104,356","104,444","105,689","104,267"
18/06/2021,"104,356","104,889","105,156","104,000"
17/06/2021,"104,000","104,889","105,689","104,000"
16/06/2021,"105,867","108,178","108,178","105,778"
15/06/2021,"108,178","106,667","108,444","106,222"
14/06/2021,"106,667","105,067","107,111","104,978"
11/6/2021,"104,889","104,000","104,889","103,378"
10/6/2021,"103,556","105,333","105,956","103,556"
9/6/2021,"105,600","106,667","107,556","104,000"
8/6/2021,"106,489","111,022","111,733","105,778"
7/6/2021,"109,333","109,156","112,444","108,444"
4/6/2021,"107,556","105,333","107,556","105,333"
3/6/2021,"105,333","104,889","105,600","104,000"
2/6/2021,"104,444","106,844","108,356","104,000"
1/6/2021,"106,667","103,289","107,556","103,111"
31/05/2021,"104,444","106,489","106,667","103,111"
28/05/2021,"106,489","106,756","109,333","105,778"
27/05/2021,"106,933","107,467","107,556","105,778"
26/05/2021,"108,178","108,444","108,622","107,111"
25/05/2021,"108,711","108,800","108,800","107,733"
24/05/2021,"108,533","108,889","109,867","107,556"
21/05/2021,"108,889","109,333","109,333","107,111"
20/05/2021,"109,244","106,756","109,511","106,667"
19/05/2021,"106,756","106,667","107,556","104,978"
18/05/2021,"107,556","110,222","112,000","107,556"
17/05/2021,"110,222","112,000","115,556","110,222"
14/05/2021,"111,378","112,444","112,889","109,511"
13/05/2021,"112,444","113,778","115,556","112,444"
12/5/2021,"115,378","115,556","117,333","113,778"
11/5/2021,"116,444","117,778","118,578","116,000"
10/5/2021,"117,778","117,333","117,778","114,756"
7/5/2021,"117,333","117,333","117,333","114,222"
6/5/2021,"117,778","118,844","119,111","116,444"
5/5/2021,"118,844","118,756","120,711","118,756"
4/5/2021,"118,756","116,089","119,911","112,800"
29/04/2021,"116,444","116,889","118,222","116,178"
28/04/2021,"116,889","117,422","118,400","115,378"
27/04/2021,"117,422","116,889","118,222","116,889"
26/04/2021,"116,889","123,556","124,000","116,444"
23/04/2021,"122,933","123,378","124,000","118,222"
22/04/2021,"123,378","126,222","127,022","122,222"
20/04/2021,"127,200","128,000","129,689","127,111"
19/04/2021,"128,000","126,311","128,178","125,422"
16/04/2021,"127,111","125,244","128,089","124,444"
15/04/2021,"125,244","124,356","128,889","124,356"
14/04/2021,"124,444","124,444","126,044","122,756"
13/04/2021,"125,067","123,556","125,511","120,889"
12/4/2021,"117,333","111,022","118,044","109,689"
9/4/2021,"111,022","110,933","111,467","109,422"
8/4/2021,"111,467","114,133","114,133","110,222"
7/4/2021,"113,511","112,889","113,778","111,733"
6/4/2021,"112,889","110,489","115,111","110,222"
5/4/2021,"110,489","112,000","112,178","109,511"
2/4/2021,"109,333","110,133","110,133","108,000"
1/4/2021,"109,333","105,333","110,578","104,000"
31/03/2021,"104,800","104,444","106,222","104,000"
30/03/2021,"104,000","100,267","105,422","99,556"
29/03/2021,"100,267","100,000","100,889","99,822"
26/03/2021,"99,911","97,778","100,889","97,778"
25/03/2021,"98,133","95,378","99,911","95,200"
24/03/2021,"95,911","93,778","96,000","92,267"
23/03/2021,"94,667","94,222","95,111","93,422"
22/03/2021,"95,378","96,356","96,356","92,889"
19/03/2021,"96,356","93,867","96,356","93,867"
18/03/2021,"94,756","93,778","94,756","93,511"
17/03/2021,"93,067","92,622","93,600","92,444"
16/03/2021,"93,689","94,222","94,222","93,244"
15/03/2021,"94,222","94,133","94,400","93,689"
12/3/2021,"94,133","94,133","94,667","93,333"
11/3/2021,"94,133","94,222","96,000","93,867"
10/3/2021,"94,222","92,889","94,222","90,756"
9/3/2021,"92,711","93,333","94,489","88,889"
8/3/2021,"94,222","94,667","95,111","93,333"
5/3/2021,"94,489","95,022","95,556","94,044"
4/3/2021,"95,022","95,644","95,911","94,756"
3/3/2021,"95,022","94,756","96,178","94,667"
2/3/2021,"96,178","96,444","96,978","94,400"
1/3/2021,"96,444","97,689","97,689","95,733"
26/02/2021,"96,889","94,400","97,689","94,400"
25/02/2021,"96,800","97,333","97,689","94,311"
24/02/2021,"96,178","99,022","99,022","94,222"
23/02/2021,"97,778","96,178","99,289","95,556"
22/02/2021,"97,511","97,067","98,400","94,222"
19/02/2021,"96,889","95,644","97,333","95,111"
18/02/2021,"97,778","95,556","97,778","94,311"
17/02/2021,"96,000","94,489","96,000","94,400"
9/2/2021,"94,400","92,444","94,667","90,222"
8/2/2021,"89,778","95,822","95,822","89,778"
5/2/2021,"95,556","93,333","95,556","93,333"
4/2/2021,"93,333","95,467","95,556","90,667"
3/2/2021,"95,556","93,333","96,000","93,333"
2/2/2021,"94,133","88,000","94,133","88,000"
1/2/2021,"88,000","88,356","91,556","87,822"
29/01/2021,"88,356","82,222","88,444","82,222"
28/01/2021,"82,667","83,822","85,333","82,667"
27/01/2021,"88,889","90,222","91,556","88,444"
26/01/2021,"90,222","93,156","93,333","88,533"
25/01/2021,"93,156","93,333","94,044","92,533"
22/01/2021,"93,333","93,422","94,667","93,333"
21/01/2021,"93,422","93,333","93,511","91,556"
20/01/2021,"91,822","91,556","93,333","91,111"
19/01/2021,"91,289","98,044","98,044","91,200"
18/01/2021,"98,044","99,556","99,644","97,867"
15/01/2021,"98,844","99,022","99,733","97,600"
14/01/2021,"98,133","99,111","99,822","97,778"
13/01/2021,"98,756","101,689","101,867","98,756"
12/1/2021,"101,689","103,111","103,111","101,067"
11/1/2021,"101,156","100,267","101,867","100,267"
8/1/2021,"99,378","97,867","100,178","97,867"
7/1/2021,"97,867","98,133","98,667","96,889"
6/1/2021,"97,956","97,778","98,222","96,800"
5/1/2021,"97,511","95,289","97,689","95,289"
4/1/2021,"96,000","96,444","96,889","94,667"
31/12/2020,"96,178","96,444","97,156","93,778"
30/12/2020,"96,444","94,844","97,422","94,844"
29/12/2020,"94,667","94,311","94,756","94,044"
28/12/2020,"94,133","94,133","94,756","93,689"
25/12/2020,"94,133","93,956","94,578","93,333"
24/12/2020,"93,956","95,111","95,111","92,444"
23/12/2020,"93,956","93,956","95,111","93,689"
22/12/2020,"93,956","94,222","95,556","93,600"
21/12/2020,"94,578","93,778","94,578","93,244"
18/12/2020,"93,067","93,067","94,311","92,889"
17/12/2020,"93,067","95,111","95,111","92,978"
16/12/2020,"95,111","94,933","95,200","94,133"
15/12/2020,"95,111","96,800","96,800","94,844"
14/12/2020,"96,800","94,844","96,800","93,778"
11/12/2020,"94,933","93,244","94,933","93,244"
10/12/2020,"93,244","94,222","95,111","93,244"
9/12/2020,"94,222","93,333","94,222","92,800"
8/12/2020,"93,333","94,044","94,044","93,156"
7/12/2020,"94,044","94,222","94,222","93,422"
4/12/2020,"94,044","94,044","94,667","92,889"
3/12/2020,"94,044","93,333","94,044","92,711"
2/12/2020,"93,333","93,244","93,778","92,622"
1/12/2020,"93,333","91,556","93,333","91,378"
30/11/2020,"92,356","93,511","93,778","92,267"
27/11/2020,"93,511","94,222","94,311","93,156"
26/11/2020,"94,311","93,333","94,400","92,889"
25/11/2020,"93,867","92,533","94,400","92,533"
24/11/2020,"92,444","92,356","93,333","91,644"
23/11/2020,"92,267","92,444","93,422","91,644"
20/11/2020,"92,267","92,889","92,889","91,911"
19/11/2020,"92,444","93,156","93,156","91,556"
18/11/2020,"93,244","94,222","94,222","91,556"
17/11/2020,"94,222","91,556","94,222","90,844"
16/11/2020,"90,667","95,467","96,444","88,889"
13/11/2020,"95,467","94,933","96,000","94,311"
12/11/2020,"94,933","94,044","94,933","93,333"
11/11/2020,"94,044","93,867","94,222","91,556"
10/11/2020,"93,867","94,667","95,289","93,867"
9/11/2020,"94,311","93,422","94,400","93,067"
6/11/2020,"93,422","94,222","94,222","92,889"
5/11/2020,"92,889","92,622","95,022","92,444"
4/11/2020,"92,000","92,711","92,800","91,556"
3/11/2020,"92,800","95,111","95,111","92,800"
2/11/2020,"94,667","94,667","95,111","93,333"
30/10/2020,"94,667","90,222","94,667","89,511"
29/10/2020,"89,511","89,067","91,556","88,889"
28/10/2020,"89,067","93,956","95,111","87,822"
27/10/2020,"93,956","95,111","95,200","92,444"
26/10/2020,"93,422","96,889","97,333","93,244"
23/10/2020,"92,444","89,067","93,244","88,889"
22/10/2020,"88,978","86,222","88,978","86,044"
21/10/2020,"86,489","86,933","87,022","85,956"
20/10/2020,"86,933","86,578","87,022","85,156"
19/10/2020,"86,844","86,933","87,022","86,578"
16/10/2020,"86,756","87,200","87,200","86,133"
15/10/2020,"86,667","84,533","86,667","80,889"
14/10/2020,"84,444","83,644","84,444","83,556"
13/10/2020,"83,644","83,467","83,644","83,022"
12/10/2020,"83,467","83,200","83,556","82,222"
9/10/2020,"83,200","82,044","83,289","82,044"
8/10/2020,"82,044","81,778","82,578","81,333"
7/10/2020,"82,222","81,333","83,111","80,889"
6/10/2020,"81,600","82,933","82,933","81,600"
5/10/2020,"82,933","83,556","83,556","81,778"
2/10/2020,"83,556","82,222","83,556","81,778"
1/10/2020,"82,222","81,689","83,022","81,689"
30/09/2020,"81,333","81,333","83,022","81,333"
29/09/2020,"81,333","83,556","83,556","81,333"
28/09/2020,"82,489","82,667","83,733","82,489"
25/09/2020,"82,489","84,000","84,267","82,489"
24/09/2020,"82,667","83,378","84,889","82,667"
23/09/2020,"84,000","84,444","85,067","84,000"
22/09/2020,"84,089","85,333","85,511","84,089"
21/09/2020,"85,333","83,556","85,333","83,556"
18/09/2020,"83,556","84,444","84,800","83,111"
17/09/2020,"83,556","82,756","84,889","82,667"
16/09/2020,"84,889","84,356","84,889","82,756"
15/09/2020,"84,444","82,844","84,444","82,844"
14/09/2020,"82,756","81,156","83,200","81,067"
11/9/2020,"80,978","80,000","82,044","79,911"
10/9/2020,"80,444","80,889","82,222","80,444"
9/9/2020,"80,444","80,356","82,133","79,467"
8/9/2020,"80,444","81,422","82,222","80,444"
7/9/2020,"81,333","83,556","84,711","81,333"
4/9/2020,"83,556","84,000","84,889","82,933"
3/9/2020,"84,000","83,111","84,978","82,400"
1/9/2020,"82,400","80,178","83,556","79,911"
31/08/2020,"80,000","80,000","81,333","80,000"
28/08/2020,"79,911","81,156","82,044","79,911"
27/08/2020,"80,889","80,089","80,889","80,089"
26/08/2020,"80,889","80,711","81,067","80,000"
25/08/2020,"80,889","79,111","81,689","79,111"
24/08/2020,"79,111","76,889","79,111","76,889"
21/08/2020,"76,533","76,444","77,244","76,356"
20/08/2020,"76,444","76,978","77,511","76,444"
19/08/2020,"76,889","76,889","77,867","76,889"
18/08/2020,"76,889","77,600","77,956","76,622"
17/08/2020,"77,956","77,333","78,667","77,156"
14/08/2020,"77,689","78,222","79,111","77,689"
13/08/2020,"78,222","78,667","79,111","77,778"
12/8/2020,"77,689","77,778","78,667","77,689"
11/8/2020,"77,778","79,289","79,289","77,778"
10/8/2020,"78,400","78,222","79,911","77,689"
7/8/2020,"77,778","77,867","78,400","77,600"
6/8/2020,"77,778","78,222","78,400","77,422"
5/8/2020,"77,333","78,222","78,667","75,378"
4/8/2020,"78,222","78,844","78,844","77,689"
3/8/2020,"77,867","75,556","78,311","75,556"
31/07/2020,"77,778","74,667","80,000","74,489"
30/07/2020,"75,644","74,222","76,000","74,222"
29/07/2020,"74,222","74,667","75,556","73,778"
28/07/2020,"75,733","75,556","77,333","71,022"
27/07/2020,"75,556","74,578","76,444","73,689"
24/07/2020,"78,222","79,911","80,000","74,667"
23/07/2020,"80,000","80,000","80,267","79,556"
22/07/2020,"79,822","80,000","80,889","79,822"
21/07/2020,"80,178","81,067","81,067","80,178"
20/07/2020,"80,178","80,889","81,244","80,178"
17/07/2020,"81,333","81,333","81,778","80,889"
16/07/2020,"82,667","80,800","82,667","80,533"
15/07/2020,"80,444","81,511","81,511","80,444"
14/07/2020,"81,156","81,156","81,600","80,178"
13/07/2020,"81,156","81,333","81,422","80,889"
10/7/2020,"81,244","80,889","81,778","80,889"
9/7/2020,"80,889","80,711","81,600","80,622"
8/7/2020,"80,711","80,711","81,333","80,089"
7/7/2020,"80,889","81,333","81,956","80,889"
6/7/2020,"81,244","80,178","81,689","80,178"
3/7/2020,"80,178","80,800","80,889","79,911"
2/7/2020,"79,911","80,533","80,978","79,556"
1/7/2020,"80,889","80,444","81,333","79,111"
30/06/2020,"79,111","80,889","80,889","79,111"
29/06/2020,"79,111","81,333","81,689","79,111"
26/06/2020,"81,333","83,111","83,911","81,333"
25/06/2020,"83,022","82,933","83,911","82,489"
24/06/2020,"84,178","84,000","84,533","83,556"
23/06/2020,"83,733","85,511","85,600","83,733"
22/06/2020,"86,133","86,222","86,222","84,622"
19/06/2020,"86,489","80,889","86,489","80,889"
18/06/2020,"80,889","81,689","82,222","80,800"
17/06/2020,"81,689","82,667","83,022","80,445"
16/06/2020,"83,022","81,333","84,267","79,911"
15/06/2020,"79,111","82,667","82,667","79,111"
12/6/2020,"81,600","80,000","82,222","79,911"
11/6/2020,"82,667","84,978","85,511","82,667"
10/6/2020,"84,978","85,511","85,511","84,800"
9/6/2020,"85,511","86,222","86,222","85,422"
8/6/2020,"85,333","84,622","86,756","84,622"
5/6/2020,"84,445","85,333","85,511","84,445"
4/6/2020,"85,333","86,045","86,045","85,333"
3/6/2020,"86,045","85,778","86,045","84,889"
2/6/2020,"85,956","86,400","86,400","85,778"
1/6/2020,"86,400","86,222","86,400","85,778"
29/05/2020,"86,222","86,222","86,667","85,867"
28/05/2020,"86,222","86,133","86,667","85,600"
27/05/2020,"86,133","86,133","87,022","85,778"
26/05/2020,"86,133","86,222","86,667","85,689"
25/05/2020,"86,311","85,511","86,311","85,333"
22/05/2020,"85,689","87,111","87,111","85,689"
21/05/2020,"87,111","86,222","87,111","86,133"
20/05/2020,"85,867","85,689","86,222","85,422"
19/05/2020,"85,778","86,311","86,578","85,333"
18/05/2020,"85,778","86,222","86,222","84,889"
15/05/2020,"86,222","85,333","86,667","85,156"
14/05/2020,"85,333","84,445","85,956","83,467"
13/05/2020,"84,445","84,533","85,333","81,333"
12/5/2020,"86,222","86,578","86,578","84,445"
11/5/2020,"86,667","87,111","87,111","85,245"
8/5/2020,"86,667","85,689","88,889","85,422"
7/5/2020,"85,333","84,445","85,333","83,556"
6/5/2020,"84,445","82,311","84,445","82,222"
5/5/2020,"82,400","81,600","82,667","81,600"
4/5/2020,"81,600","81,689","82,222","80,000"
29/04/2020,"81,689","82,667","83,022","80,445"
28/04/2020,"81,778","82,222","82,578","81,333"
27/04/2020,"81,778","84,445","84,445","81,778"
24/04/2020,"82,667","82,667","83,467","82,133"
23/04/2020,"82,667","82,667","84,356","82,400"
22/04/2020,"82,222","81,778","82,489","80,445"
21/04/2020,"82,667","84,889","84,889","82,222"
20/04/2020,"85,511","85,422","85,689","84,356"
17/04/2020,"85,422","84,711","85,422","79,289"
16/04/2020,"85,245","85,333","85,333","84,178"
15/04/2020,"85,333","84,978","85,333","84,356"
14/04/2020,"84,978","85,778","85,778","84,000"
13/04/2020,"85,333","85,156","85,333","84,356"
10/4/2020,"84,445","85,333","86,045","83,289"
9/4/2020,"85,333","83,556","86,489","83,378"
8/4/2020,"83,556","86,222","86,222","83,556"
7/4/2020,"86,489","86,756","89,689","82,667"
6/4/2020,"86,489","81,778","86,489","81,156"
3/4/2020,"80,889","76,445","80,889","76,445"
1/4/2020,"76,445","73,333","77,333","72,000"
31/03/2020,"74,133","72,356","77,333","71,467"
30/03/2020,"72,356","71,822","72,889","71,822"
27/03/2020,"77,156","72,889","77,689","70,667"
26/03/2020,"72,711","68,978","72,711","67,200"
25/03/2020,"68,000","63,556","68,000","60,445"
24/03/2020,"63,556","63,822","66,667","63,556"
23/03/2020,"68,267","69,333","69,600","68,267"
20/03/2020,"73,333","78,845","78,845","73,333"
19/03/2020,"78,845","77,245","78,845","73,867"
18/03/2020,"79,111","78,133","80,000","76,889"
17/03/2020,"78,667","79,556","82,045","77,867"
16/03/2020,"82,222","81,778","82,222","76,978"
13/03/2020,"82,222","76,445","82,222","75,911"
12/3/2020,"81,600","80,889","82,045","80,267"
11/3/2020,"86,222","87,111","87,111","80,978"
10/3/2020,"86,845","82,667","88,178","81,067"
9/3/2020,"86,845","90,222","90,667","86,845"
6/3/2020,"93,333","93,333","93,333","91,645"
5/3/2020,"93,867","93,422","94,133","92,267"
4/3/2020,"93,778","92,978","93,778","92,000"
3/3/2020,"93,778","93,422","93,867","92,889"
2/3/2020,"93,689","92,445","93,689","91,289"
28/02/2020,"93,689","93,333","93,689","91,556"
27/02/2020,"93,867","94,045","94,222","92,533"
26/02/2020,"94,133","92,445","94,756","92,445"
25/02/2020,"95,111","94,845","95,378","94,133"
24/02/2020,"95,378","95,200","96,000","93,778"
21/02/2020,"97,689","96,533","97,778","95,822"
20/02/2020,"97,778","94,222","97,778","93,333"
19/02/2020,"93,333","92,000","95,111","92,000"
18/02/2020,"92,889","95,111","95,111","92,445"
17/02/2020,"96,000","97,778","97,778","93,333"
14/02/2020,"97,778","99,822","100,089","97,778"
13/02/2020,"99,911","99,111","100,178","99,022"
12/2/2020,"99,556","100,800","100,800","99,556"
11/2/2020,"100,800","100,889","101,511","100,445"
10/2/2020,"101,067","100,445","101,422","100,445"
7/2/2020,"101,689","101,333","101,689","99,556"
6/2/2020,"101,689","101,778","101,956","100,267"
5/2/2020,"101,778","102,045","102,045","100,445"
4/2/2020,"102,045","100,978","102,045","99,378"
3/2/2020,"102,045","101,156","102,045","99,822"
31/01/2020,"102,045","102,133","102,133","100,978"
30/01/2020,"102,133","101,422","102,133","99,645"
22/01/2020,"102,133","102,133","102,133","101,511"
21/01/2020,"102,133","101,600","102,222","101,600"
20/01/2020,"102,133","102,133","102,133","101,600"
17/01/2020,"102,133","102,133","102,311","101,689"
16/01/2020,"102,222","102,222","102,311","101,600"
15/01/2020,"102,222","102,222","102,222","101,600"
14/01/2020,"102,222","102,133","102,311","101,600"
13/01/2020,"102,133","101,956","102,311","101,778"
10/1/2020,"102,045","102,222","102,222","101,956"
9/1/2020,"101,956","101,600","102,311","101,511"
8/1/2020,"101,600","101,778","101,956","100,978"
7/1/2020,"101,956","101,778","102,222","101,600"
6/1/2020,"101,778","102,222","102,222","101,689"
3/1/2020,"102,489","102,222","102,489","101,600"
2/1/2020,"102,222","102,133","102,222","101,333"
31/12/2019,"102,222","102,222","102,222","101,422"
30/12/2019,"102,222","101,778","102,222","101,511"
27/12/2019,"102,400","102,578","102,578","101,333"
26/12/2019,"102,578","102,489","102,845","101,689"
25/12/2019,"102,667","102,489","102,667","101,600"
24/12/2019,"102,667","102,756","102,756","101,600"
23/12/2019,"102,845","102,933","102,933","101,600"
20/12/2019,"102,933","102,933","102,933","101,956"
19/12/2019,"102,933","102,222","103,111","101,333"
18/12/2019,"102,933","102,222","103,022","101,778"
17/12/2019,"102,933","102,933","102,933","101,778"
16/12/2019,"102,933","103,111","103,111","102,045"
13/12/2019,"103,111","102,933","103,111","102,133"
12/12/2019,"103,111","103,111","103,111","102,400"
11/12/2019,"103,022","103,022","103,022","101,778"
10/12/2019,"103,022","102,667","103,022","100,978"
9/12/2019,"103,022","102,933","103,022","102,222"
6/12/2019,"103,022","103,111","103,378","102,578"
5/12/2019,"102,933","103,111","103,200","102,667"
4/12/2019,"102,667","101,511","102,667","101,511"
3/12/2019,"102,222","102,222","103,378","101,511"
2/12/2019,"102,222","102,667","103,378","101,156"
29/11/2019,"102,845","102,845","103,200","101,778"
28/11/2019,"102,845","102,311","103,111","101,600"
27/11/2019,"102,756","102,400","103,378","102,311"
26/11/2019,"102,400","103,111","103,111","102,311"
25/11/2019,"103,111","103,289","103,289","102,667"
22/11/2019,"103,289","103,022","103,911","102,489"
21/11/2019,"102,489","104,000","104,000","101,156"
20/11/2019,"103,111","104,178","104,178","103,111"
19/11/2019,"104,089","104,889","105,067","103,822"
18/11/2019,"104,978","106,489","106,489","104,800"
15/11/2019,"106,311","105,956","107,378","105,600"
14/11/2019,"106,045","105,778","106,489","105,600"
13/11/2019,"105,778","105,689","106,133","105,245"
12/11/2019,"106,133","105,689","106,578","105,422"
11/11/2019,"105,689","107,111","107,111","105,689"
8/11/2019,"107,111","108,089","108,089","106,667"
7/11/2019,"107,378","108,445","108,711","107,378"
6/11/2019,"108,356","108,000","108,889","107,556"
5/11/2019,"108,000","107,556","108,445","107,467"
4/11/2019,"108,178","108,889","108,889","107,289"
1/11/2019,"108,889","106,667","108,889","106,222"
31/10/2019,"105,778","106,667","107,022","105,778"
30/10/2019,"106,311","104,889","106,578","104,711"
29/10/2019,"104,711","104,622","104,800","104,356"
28/10/2019,"104,622","104,000","104,978","103,733"
25/10/2019,"104,178","104,000","104,356","103,733"
24/10/2019,"104,178","104,089","104,178","103,556"
23/10/2019,"104,089","103,822","104,445","103,822"
22/10/2019,"103,822","104,889","104,889","103,822"
21/10/2019,"103,911","104,000","105,156","103,111"
18/10/2019,"104,000","104,000","104,000","103,556"
17/10/2019,"104,000","104,800","105,333","103,911"
16/10/2019,"104,889","105,778","105,778","104,622"
15/10/2019,"105,245","104,889","106,045","104,889"
14/10/2019,"104,889","105,333","106,489","104,445"
11/10/2019,"104,889","104,445","104,889","103,733"
10/10/2019,"103,911","104,445","104,622","103,822"
9/10/2019,"104,000","103,911","105,156","103,733"
8/10/2019,"104,089","104,178","104,267","103,467"
7/10/2019,"104,000","104,889","104,978","103,556"
4/10/2019,"104,889","104,889","105,511","104,622"
3/10/2019,"104,889","104,178","104,889","104,089"
2/10/2019,"104,889","106,578","107,111","104,889"
1/10/2019,"106,578","107,111","107,467","106,400"
30/09/2019,"106,489","106,667","107,733","106,311"
27/09/2019,"106,489","105,778","106,933","105,600"
26/09/2019,"105,778","106,667","106,667","105,600"
25/09/2019,"106,400","106,756","106,933","105,778"
24/09/2019,"106,756","105,778","107,022","105,778"
23/09/2019,"105,778","106,222","107,022","105,689"
20/09/2019,"106,133","107,911","108,356","106,133"
19/09/2019,"108,000","108,889","109,156","107,911"
18/09/2019,"108,622","108,889","109,156","108,533"
17/09/2019,"109,156","108,533","110,045","108,445"
16/09/2019,"109,156","108,445","110,845","108,445"
13/09/2019,"108,800","108,533","109,245","107,378"
12/9/2019,"108,000","108,000","108,533","107,822"
11/9/2019,"108,000","108,445","109,156","107,556"
10/9/2019,"108,445","109,333","109,511","108,445"
9/9/2019,"108,978","108,356","109,156","107,645"
6/9/2019,"107,645","108,445","109,333","107,556"
5/9/2019,"108,445","109,245","109,689","108,445"
4/9/2019,"108,800","109,333","109,778","108,178"
3/9/2019,"109,333","109,778","110,578","108,622"
30/08/2019,"109,778","108,889","110,133","108,445"
29/08/2019,"108,889","109,778","109,778","107,645"
28/08/2019,"108,445","108,622","109,778","108,356"
27/08/2019,"108,889","111,022","111,733","108,889"
26/08/2019,"110,933","111,111","111,111","109,689"
23/08/2019,"111,111","112,089","112,089","110,756"
22/08/2019,"112,089","109,333","112,445","109,067"
21/08/2019,"108,800","107,556","108,889","107,556"
20/08/2019,"107,556","108,356","108,889","107,556"
19/08/2019,"108,356","108,889","108,889","108,000"
16/08/2019,"108,445","106,311","108,711","106,311"
15/08/2019,"107,556","104,000","107,556","104,000"
14/08/2019,"105,422","106,222","106,667","105,067"
13/08/2019,"104,978","106,578","106,667","104,889"
12/8/2019,"106,667","106,845","107,733","106,667"
9/8/2019,"106,845","108,445","108,889","106,845"
8/8/2019,"108,445","104,889","108,889","104,889"
7/8/2019,"104,889","106,489","106,845","104,533"
6/8/2019,"106,489","103,111","106,489","102,667"
5/8/2019,"104,889","108,533","108,533","104,889"
2/8/2019,"108,889","108,445","109,422","108,356"
1/8/2019,"110,578","109,333","110,667","108,889"
31/07/2019,"108,445","108,889","109,511","106,845"
30/07/2019,"108,889","110,578","111,111","108,445"
29/07/2019,"110,578","109,333","110,578","108,533"
26/07/2019,"108,533","109,067","109,600","108,089"
25/07/2019,"109,511","107,200","111,200","107,200"
24/07/2019,"108,445","107,111","108,622","106,845"
23/07/2019,"106,489","103,556","106,933","103,556"
22/07/2019,"103,556","103,111","103,556","102,222"
19/07/2019,"116,000","114,800","116,000","114,800"
18/07/2019,"114,800","115,000","115,900","114,800"
17/07/2019,"115,500","116,000","116,300","115,000"
16/07/2019,"115,900","115,000","116,500","114,200"
15/07/2019,"114,200","116,000","116,200","113,800"
12/7/2019,"116,000","116,900","117,000","116,000"
11/7/2019,"116,500","117,300","117,500","115,600"
10/7/2019,"116,800","117,000","117,500","116,500"
9/7/2019,"116,000","116,000","116,100","115,200"
8/7/2019,"116,000","116,500","116,700","115,800"
5/7/2019,"116,700","116,000","116,800","115,800"
4/7/2019,"116,500","115,000","116,500","115,000"
3/7/2019,"115,400","115,500","116,000","114,300"
2/7/2019,"115,800","117,100","117,300","115,800"
1/7/2019,"117,200","116,700","117,200","116,100"
28/06/2019,"115,700","115,000","115,900","113,700"
27/06/2019,"114,900","117,000","117,000","114,900"
26/06/2019,"116,900","116,300","117,000","116,000"
25/06/2019,"116,400","116,500","117,200","116,300"
24/06/2019,"116,400","115,000","116,600","115,000"
21/06/2019,"114,500","116,500","116,800","114,500"
20/06/2019,"116,000","116,200","117,100","115,600"
19/06/2019,"115,900","114,700","115,900","114,500"
18/06/2019,"114,000","114,700","115,000","113,800"
17/06/2019,"114,500","115,900","116,500","113,800"
14/06/2019,"115,500","116,000","116,000","114,300"
13/06/2019,"115,500","115,200","115,900","115,200"
12/6/2019,"116,000","117,000","117,500","116,000"
11/6/2019,"117,000","117,600","117,800","117,000"
10/6/2019,"117,600","117,200","118,700","117,200"
7/6/2019,"117,000","116,600","117,000","116,100"
6/6/2019,"115,900","115,900","115,900","114,400"
5/6/2019,"115,900","115,000","115,900","115,000"
4/6/2019,"114,600","113,600","115,400","113,600"
3/6/2019,"114,500","114,000","115,500","113,000"
31/05/2019,"114,600","115,800","115,800","114,600"
30/05/2019,"115,000","115,200","116,200","115,000"
29/05/2019,"115,200","114,900","115,400","114,000"
28/05/2019,"114,000","116,000","116,000","114,000"
27/05/2019,"115,000","114,000","115,900","114,000"
24/05/2019,"115,000","115,500","116,200","114,300"
23/05/2019,"117,000","117,000","117,600","116,200"
22/05/2019,"117,500","117,200","118,100","116,000"
21/05/2019,"117,500","118,700","118,700","116,300"
20/05/2019,"117,500","117,000","117,500","116,100"
17/05/2019,"116,900","117,000","118,100","116,100"
16/05/2019,"116,900","115,300","118,900","115,300"
15/05/2019,"115,300","113,500","116,200","113,400"
14/05/2019,"113,500","112,000","113,500","111,900"
13/05/2019,"112,900","111,900","112,900","111,700"
10/5/2019,"112,700","112,600","113,000","112,200"
9/5/2019,"112,600","112,700","112,700","111,600"
8/5/2019,"112,600","111,500","112,700","111,400"
7/5/2019,"112,600","112,200","113,300","111,000"
6/5/2019,"112,200","112,000","112,300","110,200"
3/5/2019,"112,500","113,700","113,700","112,100"
2/5/2019,"113,600","113,800","113,900","113,000"
26/04/2019,"113,700","112,000","113,700","112,000"
25/04/2019,"113,600","113,800","113,800","112,000"
24/04/2019,"113,800","113,000","114,000","112,100"
23/04/2019,"113,000","111,900","113,000","111,000"
22/04/2019,"111,900","109,000","111,900","107,000"
19/04/2019,"110,100","110,000","110,600","108,200"
18/04/2019,"109,000","109,500","110,000","105,000"
17/04/2019,"110,000","111,300","113,000","110,000"
16/04/2019,"113,100","109,500","113,100","108,000"
12/4/2019,"113,200","115,000","115,000","113,000"
11/4/2019,"115,000","111,800","115,000","111,800"
10/4/2019,"111,800","113,000","114,000","110,900"
9/4/2019,"113,000","116,000","116,000","112,800"
8/4/2019,"115,500","115,200","115,800","114,800"
5/4/2019,"115,100","115,300","115,400","114,600"
4/4/2019,"115,100","115,300","115,800","114,100"
3/4/2019,"114,900","115,500","116,000","114,500"
2/4/2019,"116,300","116,900","117,200","116,200"
1/4/2019,"116,500","116,400","116,500","115,800"
29/03/2019,"115,900","115,900","116,800","115,900"
28/03/2019,"115,900","113,900","115,900","113,900"
27/03/2019,"113,900","115,000","115,900","113,900"
26/03/2019,"113,700","115,500","116,800","113,000"
25/03/2019,"115,200","117,000","117,300","115,000"
22/03/2019,"118,600","117,000","118,900","117,000"
21/03/2019,"117,000","120,000","120,300","117,000"
20/03/2019,"120,200","121,000","121,000","119,100"
19/03/2019,"121,000","121,300","122,400","120,700"
18/03/2019,"121,300","120,000","121,300","119,100"
15/03/2019,"118,700","119,300","119,300","117,900"
14/03/2019,"118,800","116,500","118,800","115,600"
13/03/2019,"117,500","118,500","120,000","117,000"
12/3/2019,"118,600","119,000","119,400","118,200"
11/3/2019,"118,300","117,000","118,300","117,000"
8/3/2019,"118,100","119,000","119,600","118,100"
7/3/2019,"119,200","117,900","122,500","117,800"
6/3/2019,"117,700","117,700","117,700","117,100"
5/3/2019,"117,300","117,400","117,800","116,900"
4/3/2019,"117,400","116,700","117,600","115,800"
1/3/2019,"115,100","114,000","117,000","114,000"
28/02/2019,"114,000","117,000","117,400","113,100"
27/02/2019,"117,400","115,500","117,900","115,500"
26/02/2019,"115,500","116,000","116,600","113,500"
25/02/2019,"116,300","117,000","117,900","115,900"
22/02/2019,"117,000","118,000","118,400","116,600"
21/02/2019,"118,400","116,500","118,400","116,300"
20/02/2019,"116,500","115,200","116,900","115,200"
19/02/2019,"116,000","113,500","116,600","113,500"
18/02/2019,"113,700","112,500","113,700","111,700"
15/02/2019,"112,000","113,000","113,000","112,000"
14/02/2019,"112,900","109,000","113,000","109,000"
13/02/2019,"109,000","108,000","109,300","107,200"
12/2/2019,"109,100","104,900","109,100","104,000"
11/2/2019,"104,000","102,000","104,000","101,200"
1/2/2019,"98,800","103,800","103,800","98,800"
31/01/2019,"103,900","104,000","104,500","102,500"
30/01/2019,"103,900","103,900","104,000","102,900"
29/01/2019,"103,900","104,900","104,900","103,000"
28/01/2019,"103,700","102,900","103,700","102,600"
25/01/2019,"102,900","102,800","103,500","102,200"
24/01/2019,"102,800","102,500","102,900","102,200"
23/01/2019,"102,600","102,000","103,700","102,000"
22/01/2019,"102,400","102,400","102,400","101,500"
21/01/2019,"102,400","102,200","102,400","101,300"
18/01/2019,"102,200","101,500","102,200","100,900"
17/01/2019,"102,000","102,000","102,200","100,700"
16/01/2019,"102,000","101,500","102,100","100,800"
15/01/2019,"101,500","101,400","101,500","100,400"
14/01/2019,"101,400","101,300","101,900","100,200"
11/1/2019,"101,400","101,000","101,400","100,100"
10/1/2019,"101,400","101,200","101,500","100,000"
9/1/2019,"101,500","101,000","101,900","99,000"
8/1/2019,"101,000","102,000","102,000","99,700"
7/1/2019,"101,000","100,900","103,000","99,900"
4/1/2019,"100,600","100,000","100,700","98,000"
3/1/2019,"100,300","100,000","100,300","98,200"
2/1/2019,"100,400","101,200","101,300","97,500"
28/12/2018,"95,300","103,300","103,400","95,300"
27/12/2018,"102,400","101,000","102,900","101,000"
26/12/2018,"101,900","101,000","101,900","101,000"
25/12/2018,"101,900","100,100","101,900","100,100"
24/12/2018,"102,000","102,000","102,200","101,300"
21/12/2018,"102,000","100,500","102,000","100,000"
20/12/2018,"101,900","101,000","102,000","100,800"
19/12/2018,"102,000","102,000","102,300","100,500"
18/12/2018,"102,000","101,800","102,000","100,000"
17/12/2018,"102,500","102,000","102,700","101,900"
14/12/2018,"102,700","102,200","103,000","101,600"
13/12/2018,"102,800","102,500","103,900","101,800"
12/12/2018,"102,200","102,200","102,400","102,000"
11/12/2018,"102,200","102,100","102,200","101,400"
10/12/2018,"102,100","102,000","102,200","101,100"
7/12/2018,"102,200","102,100","102,200","101,500"
6/12/2018,"102,100","102,100","102,200","101,100"
5/12/2018,"102,100","101,900","102,200","101,000"
4/12/2018,"102,000","102,400","102,400","101,600"
3/12/2018,"101,900","101,800","103,000","101,300"
30/11/2018,"101,700","101,000","102,000","97,500"
29/11/2018,"102,000","102,500","103,000","101,700"
28/11/2018,"102,000","101,500","102,000","100,800"
27/11/2018,"101,500","100,500","103,200","100,500"
26/11/2018,"100,500","99,000","100,500","98,000"
23/11/2018,"99,000","98,800","99,000","97,000"
22/11/2018,"98,000","97,200","98,000","96,500"
21/11/2018,"97,300","97,000","97,300","95,000"
20/11/2018,"97,200","94,700","97,200","94,700"
19/11/2018,"96,400","90,100","96,400","90,100"
16/11/2018,"90,100","91,700","92,500","89,800"
15/11/2018,"91,700","94,700","94,700","90,900"
14/11/2018,"94,700","93,600","95,100","93,400"
13/11/2018,"93,300","94,800","95,000","93,300"
12/11/2018,"95,900","95,800","96,000","95,500"
9/11/2018,"95,900","95,000","96,000","95,000"
8/11/2018,"96,000","96,000","96,600","95,800"
7/11/2018,"96,000","96,300","96,300","94,300"
6/11/2018,"95,800","96,000","96,500","95,400"
5/11/2018,"96,000","96,000","96,500","95,100"
2/11/2018,"96,000","95,600","96,700","95,500"
1/11/2018,"95,500","96,500","96,800","95,000"
31/10/2018,"97,200","95,600","97,200","95,600"
30/10/2018,"96,600","95,500","97,300","95,500"
29/10/2018,"97,200","95,500","97,700","95,000"
26/10/2018,"96,400","96,200","98,000","95,700"
25/10/2018,"96,800","96,700","98,200","94,600"
24/10/2018,"98,800","98,000","99,500","97,500"
23/10/2018,"99,000","98,100","99,000","96,500"
22/10/2018,"99,100","98,100","99,600","97,100"
19/10/2018,"99,100","96,500","99,100","96,500"
18/10/2018,"99,100","98,500","99,200","98,000"
17/10/2018,"99,000","98,600","99,600","98,200"
16/10/2018,"98,600","95,000","98,600","94,200"
15/10/2018,"95,500","96,000","96,700","94,000"
12/10/2018,"96,000","93,000","97,500","92,800"
11/10/2018,"93,000","92,000","94,400","89,900"
10/10/2018,"96,600","96,600","97,700","96,500"
9/10/2018,"96,600","96,600","97,300","96,100"
8/10/2018,"96,600","97,600","98,300","96,400"
5/10/2018,"98,500","99,900","100,400","98,300"
4/10/2018,"100,600","102,100","102,200","100,600"
3/10/2018,"102,200","103,000","103,900","101,800"
2/10/2018,"102,000","99,900","102,000","99,700"
1/10/2018,"98,500","99,900","102,500","98,500"
28/09/2018,"98,300","98,600","98,600","98,100"
27/09/2018,"98,600","99,000","99,200","98,500"
26/09/2018,"99,000","99,200","99,300","99,000"
25/09/2018,"99,500","99,600","99,600","99,200"
24/09/2018,"99,600","98,600","100,300","98,600"
21/09/2018,"98,600","98,500","99,300","98,400"
20/09/2018,"98,500","98,200","99,500","98,200"
19/09/2018,"98,600","99,600","100,100","98,500"
18/09/2018,"99,600","98,000","99,600","98,000"
17/09/2018,"99,000","100,800","101,300","98,900"
14/09/2018,"101,000","100,300","101,500","99,700"
13/09/2018,"100,300","101,400","102,000","100,000"
12/9/2018,"101,400","101,200","103,000","101,100"
11/9/2018,"101,200","98,500","102,000","98,500"
10/9/2018,"99,300","98,000","99,900","97,100"
7/9/2018,"97,200","96,100","99,000","96,100"
6/9/2018,"98,000","101,100","101,500","98,000"
5/9/2018,"101,500","102,100","102,800","101,500"
4/9/2018,"102,100","103,400","103,400","102,000"
31/08/2018,"103,400","103,300","103,400","101,500"
30/08/2018,"103,400","103,000","103,500","102,500"
29/08/2018,"103,000","104,200","104,200","103,000"
28/08/2018,"104,200","103,600","104,500","103,500"
27/08/2018,"104,200","104,100","105,000","103,800"
24/08/2018,"104,000","104,600","105,100","103,800"
23/08/2018,"104,600","104,000","105,900","104,000"
22/08/2018,"103,600","103,500","104,100","103,100"
21/08/2018,"103,100","102,500","103,100","102,000"
20/08/2018,"102,600","102,000","103,200","102,000"
17/08/2018,"102,300","102,100","103,300","102,100"
16/08/2018,"102,100","100,100","103,100","100,100"
15/08/2018,"101,900","103,300","104,300","101,900"
14/08/2018,"103,300","102,800","104,600","101,800"
13/08/2018,"102,800","103,500","104,000","101,400"
10/8/2018,"104,200","104,000","105,800","101,000"
9/8/2018,"104,200","107,500","108,700","104,000"
8/8/2018,"108,800","109,700","110,900","108,600"
7/8/2018,"110,300","111,000","111,500","109,900"
6/8/2018,"111,500","112,000","112,900","109,700"
3/8/2018,"111,500","107,200","112,700","106,800"
2/8/2018,"106,700","106,500","107,400","106,200"
1/8/2018,"106,500","106,300","107,500","106,300"
31/07/2018,"106,400","106,000","107,500","105,100"
30/07/2018,"106,400","106,900","106,900","105,600"
27/07/2018,"106,400","107,000","107,600","105,700"
26/07/2018,"106,000","105,300","106,000","104,400"
25/07/2018,"104,400","104,500","105,400","104,100"
24/07/2018,"104,500","104,000","105,600","104,000"
23/07/2018,"104,000","103,600","106,500","103,300"
20/07/2018,"103,600","103,500","105,000","103,500"
19/07/2018,"105,000","105,000","105,000","103,000"
18/07/2018,"105,000","102,500","105,000","102,500"
17/07/2018,"104,000","101,000","104,100","100,000"
16/07/2018,"102,500","103,500","103,500","101,000"
13/07/2018,"103,000","104,200","104,200","102,000"
12/7/2018,"103,000","104,900","104,900","101,000"
11/7/2018,"104,500","101,000","104,500","100,000"
10/7/2018,"103,000","105,000","106,500","102,500"
9/7/2018,"105,000","106,000","107,300","104,500"
6/7/2018,"106,200","104,100","106,900","101,800"
5/7/2018,"106,500","104,000","107,300","103,000"
4/7/2018,"105,000","99,500","106,200","97,000"
3/7/2018,"99,700","106,000","107,000","99,700"
2/7/2018,"107,200","106,000","108,500","106,000"
29/06/2018,"107,500","105,100","107,800","105,100"
28/06/2018,"107,500","105,000","110,700","105,000"
27/06/2018,"103,471","102,149","103,967","101,653"
26/06/2018,"102,149","100,000","102,397","99,587"
25/06/2018,"102,231","103,306","103,306","101,653"
22/06/2018,"101,488","103,223","103,223","101,488"
21/06/2018,"102,479","103,306","103,719","100,992"
20/06/2018,"103,306","101,653","103,306","100,826"
19/06/2018,"101,653","100,413","101,983","96,694"
18/06/2018,"101,983","102,066","104,050","101,240"
15/06/2018,"102,066","104,132","104,793","102,066"
14/06/2018,"104,132","106,446","106,446","103,306"
13/06/2018,"105,785","100,826","105,785","100,826"
12/6/2018,"102,810","99,174","102,975","99,174"
11/6/2018,"102,727","102,479","103,388","101,240"
8/6/2018,"102,645","101,818","103,140","100,826"
7/6/2018,"102,645","103,223","103,636","101,818"
6/6/2018,"102,562","99,174","102,810","97,273"
5/6/2018,"100,083","99,174","101,240","98,016"
4/6/2018,"99,174","98,347","99,256","97,934"
1/6/2018,"98,347","95,372","99,174","94,215"
31/05/2018,"95,868","92,397","96,694","90,083"
30/05/2018,"91,736","90,992","93,802","87,521"
29/05/2018,"90,909","87,851","92,149","87,686"
28/05/2018,"91,736","84,959","91,736","84,711"
25/05/2018,"88,430","86,033","91,405","82,645"
24/05/2018,"86,033","85,124","86,777","83,636"
23/05/2018,"85,124","83,554","87,851","81,818"
22/05/2018,"87,934","91,570","94,215","87,934"
21/05/2018,"94,545","101,653","101,653","94,545"
18/05/2018,"101,653","100,826","103,306","99,587"
17/05/2018,"101,653","107,438","107,438","101,240"
16/05/2018,"107,438","109,091","109,091","105,785"
15/05/2018,"109,091","110,661","111,405","109,091"
14/05/2018,"109,091","103,306","109,091","103,306"
11/5/2018,"102,479","99,256","102,479","98,347"
10/5/2018,"99,587","101,488","101,488","99,174"
9/5/2018,"101,570","101,322","101,818","100,661"
8/5/2018,"102,397","102,975","103,223","101,818"
7/5/2018,"102,975","102,066","103,306","102,066"
4/5/2018,"102,893","100,496","103,388","99,174"
3/5/2018,"101,653","101,653","104,215","100,826"
2/5/2018,"103,306","104,132","104,132","99,174"
27/04/2018,"104,132","101,405","104,545","100,826"
26/04/2018,"104,959","104,793","104,959","101,570"
24/04/2018,"104,959","99,174","105,455","97,686"
23/04/2018,"101,818","102,479","103,967","101,488"
20/04/2018,"101,653","99,917","102,893","94,132"
19/04/2018,"99,917","106,281","106,612","99,917"
18/04/2018,"107,355","108,264","109,091","107,355"
17/04/2018,"107,438","107,438","109,091","105,372"
16/04/2018,"106,364","105,785","106,777","102,893"
13/04/2018,"105,455","105,785","107,934","104,959"
12/4/2018,"104,959","102,479","105,620","100,331"
11/4/2018,"104,132","108,760","110,331","102,479"
10/4/2018,"108,264","111,570","113,058","108,264"
9/4/2018,"111,488","111,570","111,983","109,917"
6/4/2018,"109,421","107,438","109,504","107,190"
5/4/2018,"108,264","109,091","109,917","107,190"
4/4/2018,"105,372","101,653","106,529","101,653"
3/4/2018,"101,074","100,992","101,653","99,835"
2/4/2018,"101,653","98,099","102,893","97,521"
30/03/2018,"96,859","95,124","96,859","94,215"
29/03/2018,"95,041","94,628","95,455","93,802"
28/03/2018,"94,628","93,388","95,868","92,727"
27/03/2018,"93,388","96,694","97,355","93,306"
26/03/2018,"94,050","90,909","96,777","89,669"
23/03/2018,"90,496","87,273","91,901","87,190"
22/03/2018,"89,256","90,083","91,488","89,256"
21/03/2018,"89,256","86,694","89,752","86,364"
20/03/2018,"86,116","85,124","87,190","85,124"
19/03/2018,"86,281","82,810","86,777","82,810"
16/03/2018,"82,397","82,149","83,471","82,149"
15/03/2018,"82,231","85,041","85,041","82,231"
14/03/2018,"84,711","84,711","86,694","84,711"
13/03/2018,"84,793","82,645","85,041","82,562"
12/3/2018,"82,645","85,124","86,033","82,397"
9/3/2018,"85,537","85,289","87,603","82,645"
8/3/2018,"85,289","80,992","86,281","80,909"
7/3/2018,"81,488","81,405","82,645","79,752"
6/3/2018,"81,405","79,339","81,405","77,686"
5/3/2018,"77,686","78,512","82,314","77,686"
2/3/2018,"78,099","76,033","78,926","76,033"
1/3/2018,"77,686","78,017","79,174","77,107"
28/02/2018,"78,430","76,281","78,595","76,281"
27/02/2018,"77,273","79,752","80,083","76,446"
26/02/2018,"78,512","76,033","79,752","76,033"
23/02/2018,"75,702","75,207","76,033","75,207"
22/02/2018,"74,793","74,380","76,033","73,636"
21/02/2018,"74,380","72,645","76,033","72,149"
13/02/2018,"71,157","70,248","71,901","69,421"
12/2/2018,"69,091","65,289","69,091","65,289"
9/2/2018,"64,628","62,810","64,959","61,570"
8/2/2018,"65,289","66,116","66,942","65,289"
7/2/2018,"66,942","67,769","68,512","66,942"
6/2/2018,"67,025","62,397","67,025","62,397"
5/2/2018,"67,025","70,578","71,074","67,025"
2/2/2018,"72,066","71,488","73,140","71,488"
1/2/2018,"71,570","72,314","72,562","70,248"
31/01/2018,"71,074","70,661","73,058","70,331"
30/01/2018,"70,248","70,661","70,909","69,008"
29/01/2018,"70,661","71,074","72,149","70,413"
26/01/2018,"70,661","71,074","71,488","70,165"
25/01/2018,"70,331","70,248","73,967","70,248"
22/01/2018,"70,248","69,835","70,744","69,421"
19/01/2018,"69,421","70,248","71,240","69,421"
18/01/2018,"69,752","68,595","69,752","66,529"
17/01/2018,"69,421","71,074","71,736","68,595"
16/01/2018,"71,074","72,066","72,314","70,248"
15/01/2018,"72,066","71,405","73,388","71,157"
12/1/2018,"70,578","67,355","71,322","67,190"
11/1/2018,"66,942","66,777","67,934","66,198"
10/1/2018,"66,777","66,942","68,017","66,612"
9/1/2018,"66,612","66,859","68,182","66,116"
8/1/2018,"66,364","66,116","67,686","65,372"
5/1/2018,"66,116","66,942","66,942","65,289"
4/1/2018,"66,942","67,355","68,678","66,529"
3/1/2018,"66,529","65,702","68,760","64,959"
2/1/2018,"64,628","64,132","64,876","63,967"
29/12/2017,"63,884","64,132","66,033","63,636"
28/12/2017,"63,967","64,050","64,876","63,967"
27/12/2017,"63,802","64,463","65,289","63,388"
26/12/2017,"64,463","64,711","65,289","64,297"
25/12/2017,"64,463","62,810","64,463","62,645"
22/12/2017,"62,479","60,909","62,479","60,661"
21/12/2017,"60,331","61,074","62,397","60,331"
20/12/2017,"60,744","60,578","61,074","59,835"
19/12/2017,"60,744","61,653","62,397","60,578"
18/12/2017,"61,157","59,008","61,157","59,008"
15/12/2017,"58,017","58,430","59,256","57,934"
14/12/2017,"59,504","59,421","59,917","58,678"
13/12/2017,"59,504","59,091","59,669","58,595"
12/12/2017,"58,843","60,331","60,413","57,025"
11/12/2017,"59,504","59,504","60,496","58,678"
8/12/2017,"60,331","58,843","60,744","57,438"
7/12/2017,"59,504","59,917","60,992","58,678"
6/12/2017,"60,331","60,826","60,826","57,769"
5/12/2017,"60,331","63,636","64,876","58,512"
4/12/2017,"62,893","62,066","63,802","61,570"
1/12/2017,"61,653","61,570","62,314","60,992"
30/11/2017,"61,570","62,975","63,388","61,570"
29/11/2017,"62,975","63,636","63,636","62,893"
28/11/2017,"62,975","64,050","65,207","62,810"
27/11/2017,"62,810","61,157","65,702","59,504"
24/11/2017,"61,570","63,223","63,223","61,570"
23/11/2017,"63,223","62,810","64,297","62,149"
22/11/2017,"62,810","63,636","65,124","60,744"
21/11/2017,"63,636","64,463","67,438","63,223"
20/11/2017,"63,058","59,339","63,058","59,091"
17/11/2017,"59,008","58,017","59,504","57,769"
16/11/2017,"57,769","56,198","57,769","56,198"
15/11/2017,"57,025","56,694","57,438","55,620"
14/11/2017,"56,694","56,612","57,438","55,702"
13/11/2017,"56,694","54,545","56,694","53,967"
10/11/2017,"54,545","56,033","57,851","53,967"
9/11/2017,"56,694","55,785","57,851","55,372"
8/11/2017,"54,132","52,893","54,215","51,653"
7/11/2017,"51,240","50,248","51,653","49,835"
6/11/2017,"50,000","49,917","50,248","49,587"
3/11/2017,"49,752","49,504","50,083","48,760"
2/11/2017,"49,587","48,430","49,587","48,347"
1/11/2017,"48,430","48,430","48,595","48,099"
31/10/2017,"48,347","48,182","48,595","47,686"
30/10/2017,"47,934","47,438","48,347","47,190"
27/10/2017,"47,107","46,116","47,438","45,620"
26/10/2017,"45,702","45,702","45,785","43,802"
25/10/2017,"45,702","45,868","45,950","45,455"
24/10/2017,"45,868","45,868","46,116","45,207"
23/10/2017,"45,785","45,785","45,950","45,455"
20/10/2017,"45,702","45,455","46,116","45,124"
19/10/2017,"45,455","45,372","45,620","45,041"
18/10/2017,"45,372","45,702","46,033","45,372"
17/10/2017,"45,702","45,289","46,116","45,041"
16/10/2017,"45,124","46,281","46,446","45,124"
13/10/2017,"46,281","45,041","46,281","44,959"
12/10/2017,"45,455","45,041","46,116","44,545"
11/10/2017,"45,372","43,140","45,372","43,140"
10/10/2017,"43,140","42,562","43,140","41,901"
9/10/2017,"42,975","43,306","43,306","42,397"
6/10/2017,"43,471","43,554","43,719","43,223"
5/10/2017,"43,554","43,058","43,967","42,975"
4/10/2017,"42,975","42,479","42,975","42,314"
3/10/2017,"42,231","42,231","43,388","42,231"
2/10/2017,"42,149","42,314","42,397","42,066"
29/09/2017,"42,314","41,736","42,314","41,736"
28/09/2017,"41,983","42,479","42,810","41,983"
27/09/2017,"42,231","41,157","42,562","41,157"
26/09/2017,"40,826","40,496","41,281","40,331"
25/09/2017,"40,496","40,496","40,744","40,331"
22/09/2017,"40,578","40,661","41,074","39,917"
21/09/2017,"40,578","40,496","40,578","39,711"
20/09/2017,"40,496","40,578","40,620","40,248"
19/09/2017,"40,578","40,496","40,744","40,372"
18/09/2017,"40,496","40,413","40,826","40,331"
15/09/2017,"40,413","39,835","40,909","39,835"
14/09/2017,"40,620","39,298","41,322","39,298"
13/09/2017,"39,752","40,744","40,785","39,669"
12/9/2017,"40,744","40,165","40,744","40,165"
11/9/2017,"40,744","41,653","41,653","40,744"
8/9/2017,"41,818","41,322","42,397","40,785"
7/9/2017,"41,281","41,322","41,322","40,826"
6/9/2017,"41,322","41,488","41,488","40,496"
5/9/2017,"41,488","41,240","41,570","40,992"
1/9/2017,"40,826","40,248","41,240","40,248"
31/08/2017,"40,496","40,496","41,818","40,083"
30/08/2017,"40,661","38,058","40,661","38,058"
29/08/2017,"38,058","37,521","38,182","37,149"
28/08/2017,"37,603","36,818","37,603","36,446"
25/08/2017,"36,818","35,992","36,983","35,992"
24/08/2017,"35,992","35,950","36,322","35,785"
23/08/2017,"35,785","35,744","35,785","35,372"
22/08/2017,"35,372","35,207","35,537","35,207"
21/08/2017,"35,455","34,959","35,455","34,959"
18/08/2017,"35,331","35,331","35,620","35,041"
17/08/2017,"35,331","35,537","35,537","35,041"
16/08/2017,"35,372","35,124","35,413","35,041"
15/08/2017,"35,207","35,868","35,950","35,124"
14/08/2017,"35,950","35,950","35,992","35,702"
11/8/2017,"35,950","35,702","36,116","35,455"
10/8/2017,"35,702","35,950","36,198","35,537"
9/8/2017,"35,950","36,612","37,190","35,950"
8/8/2017,"37,107","36,777","37,107","36,777"
7/8/2017,"36,777","36,818","36,859","36,612"
4/8/2017,"36,818","36,859","37,107","36,694"
3/8/2017,"36,694","36,529","37,025","36,364"
2/8/2017,"36,694","36,281","36,777","36,281"
1/8/2017,"36,694","36,777","36,777","36,364"
31/07/2017,"36,777","36,033","36,777","35,950"
28/07/2017,"35,455","34,959","35,455","34,711"
27/07/2017,"34,959","34,793","35,207","34,793"
26/07/2017,"35,207","34,711","35,207","34,545"
25/07/2017,"34,711","34,545","34,793","34,545"
24/07/2017,"34,876","35,083","35,083","34,628"
21/07/2017,"35,083","34,793","35,083","34,421"
20/07/2017,"35,041","34,711","35,041","34,545"
19/07/2017,"34,711","35,124","35,124","34,669"
18/07/2017,"34,959","34,298","34,959","34,298"
17/07/2017,"35,041","35,124","35,124","34,545"
14/07/2017,"35,207","35,207","35,207","34,876"
13/07/2017,"35,207","35,207","35,207","34,628"
12/7/2017,"35,207","35,083","35,207","34,711"
11/7/2017,"34,793","33,967","34,793","33,967"
10/7/2017,"33,967","34,959","34,959","33,884"
7/7/2017,"34,711","35,248","35,289","34,711"
6/7/2017,"35,041","35,124","35,124","34,711"
5/7/2017,"34,711","34,959","35,041","34,421"
4/7/2017,"34,711","34,876","34,959","34,298"
3/7/2017,"34,959","35,289","35,289","34,876"
