Ngày,Giá đóng cửa,Giá mở cửa,Giá cao nhất,Giá thấp nhất
30/06/2017,"35,289","35,207","35,289","34,917"
29/06/2017,"35,000","35,372","35,372","34,959"
28/06/2017,"35,083","35,207","35,207","34,917"
27/06/2017,"35,207","35,372","35,372","35,124"
26/06/2017,"35,372","34,752","35,496","34,752"
23/06/2017,"34,752","34,545","34,793","34,545"
22/06/2017,"34,793","35,248","35,289","34,793"
21/06/2017,"35,372","34,959","35,372","34,669"
20/06/2017,"34,959","35,702","35,702","34,959"
19/06/2017,"35,620","35,124","35,620","35,000"
16/06/2017,"35,537","35,413","35,537","35,041"
15/06/2017,"34,959","34,380","34,959","34,380"
14/06/2017,"34,298","35,537","35,620","34,050"
13/06/2017,"35,537","35,165","35,537","34,917"
12/6/2017,"35,000","34,545","35,000","34,380"
9/6/2017,"34,380","34,215","34,545","34,215"
8/6/2017,"34,132","33,967","34,545","33,636"
7/6/2017,"33,884","33,595","33,884","33,595"
6/6/2017,"33,595","33,678","33,678","33,512"
5/6/2017,"33,554","33,471","33,595","33,264"
2/6/2017,"33,554","33,512","33,595","33,388"
1/6/2017,"33,512","33,471","33,595","33,264"
31/05/2017,"33,264","33,306","33,636","33,223"
30/05/2017,"33,264","33,306","33,554","33,264"
29/05/2017,"33,595","33,471","33,678","33,058"
26/05/2017,"33,471","33,140","33,471","33,058"
25/05/2017,"33,099","33,306","33,471","33,017"
24/05/2017,"33,471","33,760","33,843","33,388"
23/05/2017,"33,760","34,050","34,050","33,719"
22/05/2017,"34,050","33,719","34,215","33,719"
19/05/2017,"33,802","34,132","34,132","33,636"
18/05/2017,"34,132","34,132","34,463","33,926"
17/05/2017,"34,132","34,132","34,463","34,008"
16/05/2017,"34,298","33,884","34,298","33,719"
15/05/2017,"33,802","33,471","34,132","33,306"
12/5/2017,"33,471","33,388","33,554","33,306"
11/5/2017,"33,471","33,471","33,760","33,430"
10/5/2017,"33,430","33,512","33,719","33,388"
9/5/2017,"33,678","33,388","33,802","33,306"
8/5/2017,"33,388","33,388","33,512","33,182"
5/5/2017,"33,388","33,306","33,388","33,140"
4/5/2017,"33,306","33,512","33,512","33,140"
3/5/2017,"33,471","33,967","33,967","33,306"
28/04/2017,"33,802","33,471","33,802","33,388"
27/04/2017,"33,802","33,388","33,884","33,388"
26/04/2017,"33,388","33,388","33,471","33,140"
25/04/2017,"33,347","33,058","33,471","33,058"
24/04/2017,"33,058","33,306","33,802","32,769"
21/04/2017,"33,471","33,223","34,091","33,223"
20/04/2017,"33,554","34,298","34,380","33,471"
19/04/2017,"34,298","34,463","34,463","34,256"
18/04/2017,"34,463","34,298","34,711","34,132"
17/04/2017,"34,504","34,504","34,711","33,678"
14/04/2017,"34,504","34,876","35,000","34,463"
13/04/2017,"35,041","34,752","35,331","34,752"
12/4/2017,"34,752","35,165","35,455","34,711"
11/4/2017,"35,165","34,793","35,496","34,793"
10/4/2017,"35,041","34,711","35,124","34,628"
7/4/2017,"34,711","34,380","34,711","34,298"
5/4/2017,"34,380","34,711","34,793","34,380"
4/4/2017,"34,711","34,463","34,711","34,339"
3/4/2017,"34,298","34,628","34,711","34,298"
31/03/2017,"34,545","34,793","35,000","34,545"
30/03/2017,"34,876","34,959","35,000","34,711"
29/03/2017,"34,876","34,959","35,041","34,711"
28/03/2017,"34,711","35,000","35,000","34,711"
27/03/2017,"35,000","34,793","35,041","34,711"
24/03/2017,"35,000","34,959","35,083","34,835"
23/03/2017,"35,124","34,421","35,207","34,421"
22/03/2017,"34,421","34,256","35,041","34,256"
21/03/2017,"34,256","36,198","36,198","33,884"
20/03/2017,"35,785","36,612","36,777","35,785"
17/03/2017,"36,198","36,529","37,025","36,198"
16/03/2017,"36,364","35,702","36,364","35,702"
15/03/2017,"35,950","36,446","36,529","35,785"
14/03/2017,"36,405","36,529","36,777","36,405"
13/03/2017,"36,529","36,859","36,942","36,529"
10/3/2017,"36,529","36,405","36,942","36,364"
9/3/2017,"36,529","36,777","36,777","36,529"
8/3/2017,"36,777","37,066","37,066","36,364"
7/3/2017,"37,066","36,983","37,438","36,859"
6/3/2017,"36,983","37,107","37,521","36,859"
3/3/2017,"36,777","36,736","37,107","36,612"
2/3/2017,"36,446","36,859","37,149","36,364"
1/3/2017,"36,942","36,942","37,479","36,612"
28/02/2017,"37,190","38,182","38,182","37,190"
27/02/2017,"37,975","37,438","38,430","37,438"
24/02/2017,"37,397","37,397","38,017","37,107"
23/02/2017,"37,397","37,769","38,017","37,190"
22/02/2017,"37,769","38,264","38,678","37,603"
21/02/2017,"38,388","37,438","38,843","37,438"
20/02/2017,"37,438","36,198","37,521","35,785"
17/02/2017,"36,364","36,446","36,446","36,033"
16/02/2017,"36,364","36,777","36,942","36,364"
15/02/2017,"36,777","35,207","36,942","35,207"
14/02/2017,"35,165","35,207","35,413","35,083"
13/02/2017,"35,124","35,124","35,207","34,959"
10/2/2017,"35,124","35,207","35,331","34,752"
9/2/2017,"35,248","35,372","35,413","35,165"
8/2/2017,"35,331","35,455","35,455","35,289"
7/2/2017,"35,372","35,041","35,372","34,876"
6/2/2017,"35,041","35,124","35,207","34,711"
3/2/2017,"34,711","35,124","35,124","34,669"
2/2/2017,"35,124","34,959","35,413","34,959"
25/01/2017,"34,711","34,628","34,711","34,298"
24/01/2017,"34,298","34,876","34,876","34,298"
23/01/2017,"34,711","34,876","34,876","34,463"
20/01/2017,"34,711","34,835","34,876","34,587"
19/01/2017,"34,711","34,793","34,959","34,545"
18/01/2017,"34,793","34,959","35,248","34,793"
17/01/2017,"35,248","35,537","35,537","34,959"
16/01/2017,"35,413","35,785","35,785","35,413"
13/01/2017,"35,785","35,579","35,909","35,496"
12/1/2017,"35,537","35,702","35,785","35,413"
11/1/2017,"35,537","35,455","35,909","35,207"
10/1/2017,"35,455","35,702","35,785","35,413"
9/1/2017,"35,702","35,785","35,950","35,702"
6/1/2017,"35,620","35,041","35,950","35,000"
5/1/2017,"34,959","34,628","35,041","34,628"
4/1/2017,"34,752","34,380","34,752","34,380"
3/1/2017,"34,380","34,711","34,711","34,380"
30/12/2016,"34,711","34,380","34,711","34,380"
29/12/2016,"34,628","34,380","34,752","34,380"
28/12/2016,"34,380","35,083","35,083","34,339"
27/12/2016,"34,959","34,793","35,248","34,711"
26/12/2016,"34,711","34,876","34,876","34,628"
23/12/2016,"34,793","34,380","34,793","34,380"
22/12/2016,"34,711","34,380","34,793","34,174"
21/12/2016,"34,215","34,587","34,587","34,132"
20/12/2016,"34,587","35,248","35,537","34,587"
19/12/2016,"35,372","35,207","35,785","35,207"
16/12/2016,"35,124","34,711","35,124","34,174"
15/12/2016,"34,711","34,959","35,041","34,587"
14/12/2016,"35,083","34,711","35,124","34,380"
13/12/2016,"34,711","34,711","34,711","33,967"
12/12/2016,"34,711","34,380","34,711","34,132"
9/12/2016,"34,711","34,711","34,711","34,050"
8/12/2016,"34,711","34,298","34,711","34,298"
7/12/2016,"34,711","34,463","34,793","33,760"
6/12/2016,"34,463","34,628","34,628","33,843"
5/12/2016,"34,669","34,711","34,835","34,215"
2/12/2016,"34,711","34,298","34,876","34,298"
1/12/2016,"34,711","34,793","34,876","34,298"
30/11/2016,"34,711","33,926","34,711","33,388"
29/11/2016,"34,298","35,124","35,124","34,298"
28/11/2016,"35,124","34,545","35,124","33,967"
25/11/2016,"35,124","34,959","35,124","34,298"
24/11/2016,"35,124","35,289","35,289","34,752"
23/11/2016,"35,289","35,207","35,372","35,165"
22/11/2016,"35,207","35,041","35,289","35,041"
21/11/2016,"35,207","35,124","35,207","34,876"
18/11/2016,"35,207","35,537","35,537","34,959"
17/11/2016,"35,289","35,207","35,372","34,752"
16/11/2016,"35,289","35,331","35,785","35,207"
15/11/2016,"35,331","35,537","35,950","35,165"
14/11/2016,"35,455","36,116","37,025","35,455"
11/11/2016,"36,364","35,372","36,364","35,000"
10/11/2016,"35,372","35,372","35,537","35,207"
9/11/2016,"35,124","35,455","35,455","34,711"
8/11/2016,"35,372","35,289","35,455","35,207"
7/11/2016,"35,331","35,041","35,413","34,959"
4/11/2016,"35,041","34,711","35,289","34,711"
3/11/2016,"35,041","34,793","35,372","34,587"
2/11/2016,"34,959","35,372","35,702","34,959"
1/11/2016,"35,331","35,124","35,413","35,124"
31/10/2016,"35,124","35,124","35,744","34,959"
28/10/2016,"35,413","35,372","35,702","35,207"
27/10/2016,"35,372","35,041","35,455","34,711"
26/10/2016,"35,083","35,041","35,372","34,711"
25/10/2016,"35,289","35,041","35,413","34,959"
24/10/2016,"35,537","35,537","35,537","35,124"
21/10/2016,"35,537","35,785","35,785","35,289"
20/10/2016,"35,785","36,033","36,033","35,537"
19/10/2016,"36,198","35,413","36,198","35,289"
18/10/2016,"35,455","35,537","35,537","35,124"
17/10/2016,"35,537","35,537","35,620","35,289"
14/10/2016,"35,537","35,413","35,868","35,041"
13/10/2016,"35,537","35,124","35,620","34,628"
12/10/2016,"34,876","34,793","35,372","34,793"
11/10/2016,"34,793","34,876","35,124","34,463"
10/10/2016,"34,793","35,702","35,702","34,711"
7/10/2016,"35,372","35,537","35,868","35,041"
6/10/2016,"35,289","36,198","36,198","35,207"
5/10/2016,"36,198","36,612","36,777","36,116"
4/10/2016,"36,364","35,537","36,364","35,372"
3/10/2016,"35,537","36,777","36,777","35,537"
30/09/2016,"36,777","36,777","37,025","35,124"
29/09/2016,"37,149","36,901","37,149","36,859"
28/09/2016,"36,901","37,603","37,603","36,364"
27/09/2016,"37,975","37,107","37,975","36,942"
26/09/2016,"36,942","36,653","37,190","36,116"
23/09/2016,"36,653","36,446","36,653","36,364"
22/09/2016,"36,364","36,116","36,694","36,116"
21/09/2016,"36,116","35,537","36,281","35,207"
20/09/2016,"35,207","34,463","35,537","34,256"
19/09/2016,"34,959","35,537","35,537","34,711"
16/09/2016,"35,537","33,636","35,537","33,636"
15/09/2016,"34,050","33,471","34,215","33,058"
14/09/2016,"32,586","33,395","33,395","32,586"
13/09/2016,"33,125","33,395","33,665","33,058"
12/9/2016,"33,598","33,733","33,733","32,990"
9/9/2016,"32,923","32,721","32,990","32,518"
8/9/2016,"32,248","32,383","32,383","32,113"
7/9/2016,"32,046","32,451","32,451","31,978"
6/9/2016,"32,316","32,586","32,653","32,316"
5/9/2016,"32,316","32,451","32,451","32,113"
1/9/2016,"32,383","32,518","32,586","32,113"
31/08/2016,"32,451","32,383","32,721","32,316"
30/08/2016,"32,451","32,383","32,653","32,046"
29/08/2016,"32,383","32,383","32,855","32,383"
26/08/2016,"32,383","32,383","32,586","32,316"
25/08/2016,"32,586","32,721","32,721","32,248"
24/08/2016,"32,721","32,721","32,923","32,586"
23/08/2016,"32,721","31,506","32,721","31,304"
22/08/2016,"31,641","32,383","32,383","31,506"
19/08/2016,"32,181","32,383","32,653","31,843"
18/08/2016,"32,316","32,990","32,990","32,181"
17/08/2016,"32,316","32,316","32,855","31,709"
16/08/2016,"32,316","33,058","33,058","32,046"
15/08/2016,"33,058","33,058","33,058","32,721"
12/8/2016,"33,058","33,395","33,395","32,788"
11/8/2016,"33,058","32,788","33,193","32,518"
10/8/2016,"32,788","30,832","32,788","30,832"
9/8/2016,"30,697","30,022","30,899","30,022"
8/8/2016,"30,157","30,157","30,697","28,065"
5/8/2016,"30,157","31,371","31,911","30,022"
4/8/2016,"32,046","33,395","33,463","32,046"
3/8/2016,"33,260","33,733","34,070","33,058"
2/8/2016,"34,407","34,070","35,082","34,070"
1/8/2016,"34,744","34,744","35,082","34,070"
29/07/2016,"34,407","35,419","35,419","34,407"
28/07/2016,"35,419","34,744","35,756","34,407"
27/07/2016,"34,407","34,070","34,407","33,733"
26/07/2016,"34,070","34,070","34,407","33,598"
25/07/2016,"34,070","34,070","34,407","33,733"
22/07/2016,"33,733","34,070","34,407","33,463"
21/07/2016,"34,070","34,070","34,744","33,665"
20/07/2016,"33,733","35,082","35,419","33,733"
19/07/2016,"35,082","36,431","36,768","34,070"
18/07/2016,"36,431","36,768","36,768","36,094"
15/07/2016,"36,768","36,431","36,768","35,756"
14/07/2016,"36,094","37,106","37,443","36,094"
13/07/2016,"37,106","35,419","37,106","35,419"
12/7/2016,"35,082","34,407","35,082","34,407"
11/7/2016,"34,407","34,744","35,082","34,070"
8/7/2016,"34,744","35,082","35,082","34,407"
7/7/2016,"34,744","34,744","35,082","34,070"
6/7/2016,"34,407","34,407","34,744","34,070"
5/7/2016,"34,407","34,744","35,419","34,407"
4/7/2016,"34,407","34,744","35,082","34,407"
1/7/2016,"34,407","34,070","34,744","33,665"
30/06/2016,"33,328","32,721","34,407","32,518"
29/06/2016,"32,383","32,181","32,721","32,181"
28/06/2016,"32,181","32,653","32,653","32,181"
27/06/2016,"32,653","32,383","32,990","32,316"
24/06/2016,"31,605","32,213","32,213","30,025"
23/06/2016,"32,213","32,213","32,517","31,909"
22/06/2016,"31,909","32,821","32,821","31,909"
21/06/2016,"32,821","32,821","33,125","32,517"
20/06/2016,"32,517","31,909","32,821","31,605"
17/06/2016,"31,605","32,213","32,517","31,605"
16/06/2016,"32,517","32,517","32,821","32,213"
15/06/2016,"32,517","32,821","33,125","32,213"
14/06/2016,"32,517","31,909","32,517","31,909"
13/06/2016,"31,909","32,517","32,517","31,909"
10/6/2016,"32,821","33,125","33,429","32,821"
9/6/2016,"33,125","33,125","33,429","32,821"
8/6/2016,"33,125","33,125","34,036","32,821"
7/6/2016,"33,125","32,517","33,125","32,517"
6/6/2016,"32,517","32,821","33,125","32,213"
3/6/2016,"32,821","32,517","32,821","32,213"
2/6/2016,"32,517","32,517","32,821","32,213"
1/6/2016,"32,517","32,213","32,517","31,909"
31/05/2016,"38,610","39,345","39,713","38,610"
30/05/2016,"39,345","38,242","39,713","38,242"
27/05/2016,"37,875","37,507","38,242","37,507"
26/05/2016,"37,507","38,242","38,242","37,139"
25/05/2016,"38,242","38,242","38,610","37,875"
24/05/2016,"38,242","38,978","38,978","37,875"
23/05/2016,"38,242","38,242","38,242","37,139"
20/05/2016,"37,875","39,345","39,713","37,875"
19/05/2016,"39,345","40,081","40,081","38,978"
18/05/2016,"39,345","40,081","40,081","39,345"
17/05/2016,"40,081","40,816","40,816","40,081"
16/05/2016,"40,449","39,345","40,816","38,978"
13/05/2016,"39,345","39,345","39,713","38,978"
12/5/2016,"39,345","39,713","40,081","39,345"
11/5/2016,"39,345","38,242","39,345","38,242"
10/5/2016,"38,242","38,242","38,242","37,507"
9/5/2016,"38,242","38,978","38,978","38,242"
6/5/2016,"38,610","38,242","38,610","38,242"
5/5/2016,"37,875","37,875","38,978","37,875"
4/5/2016,"37,507","37,875","38,610","37,507"
29/04/2016,"38,610","38,610","38,978","38,242"
28/04/2016,"38,242","38,978","39,345","38,242"
27/04/2016,"38,978","40,449","40,449","38,242"
26/04/2016,"39,713","38,610","40,081","38,610"
25/04/2016,"38,610","40,816","41,184","38,610"
22/04/2016,"40,081","37,875","40,449","37,875"
21/04/2016,"37,875","37,875","38,610","37,139"
20/04/2016,"37,139","36,551","37,507","36,551"
19/04/2016,"36,551","38,242","38,242","36,551"
15/04/2016,"38,242","38,610","40,081","38,242"
14/04/2016,"38,610","37,875","40,081","37,875"
13/04/2016,"38,242","37,875","38,978","37,139"
12/4/2016,"38,242","38,242","38,610","37,507"
11/4/2016,"37,139","34,933","37,139","34,933"
8/4/2016,"34,933","34,712","35,006","34,492"
7/4/2016,"34,712","35,006","35,080","34,639"
6/4/2016,"35,006","34,639","35,006","34,492"
5/4/2016,"34,639","34,639","34,786","34,197"
4/4/2016,"34,639","34,786","34,786","34,418"
1/4/2016,"34,712","34,712","34,859","34,418"
31/03/2016,"34,712","34,124","35,006","34,124"
30/03/2016,"34,565","33,756","34,565","33,756"
29/03/2016,"34,418","34,565","34,859","34,271"
28/03/2016,"34,345","33,903","34,418","33,756"
25/03/2016,"33,683","33,094","33,830","33,094"
24/03/2016,"33,168","33,389","33,462","33,094"
23/03/2016,"33,389","33,094","33,536","32,800"
22/03/2016,"33,462","33,241","33,536","33,021"
21/03/2016,"33,241","32,874","33,536","32,874"
18/03/2016,"32,432","33,094","33,168","32,432"
17/03/2016,"33,094","33,241","33,315","33,021"
16/03/2016,"32,800","32,874","33,021","32,800"
15/03/2016,"33,094","33,389","33,830","32,947"
14/03/2016,"33,389","33,168","33,462","33,094"
11/3/2016,"33,389","34,197","34,197","33,389"
10/3/2016,"34,197","34,197","34,418","34,124"
9/3/2016,"34,197","34,197","34,492","34,197"
8/3/2016,"34,124","33,536","34,124","33,536"
7/3/2016,"33,683","33,683","34,197","33,462"
4/3/2016,"33,683","33,389","33,830","33,241"
3/3/2016,"33,389","33,241","33,462","33,094"
2/3/2016,"33,094","32,653","33,168","32,506"
1/3/2016,"32,432","32,653","32,800","32,065"
29/02/2016,"32,432","33,094","33,094","32,432"
26/02/2016,"33,094","33,536","33,683","32,874"
25/02/2016,"33,462","33,462","33,756","33,389"
24/02/2016,"33,389","33,389","33,756","33,168"
23/02/2016,"33,536","33,241","34,050","33,241"
22/02/2016,"33,241","33,168","33,241","32,800"
19/02/2016,"33,168","33,756","33,756","32,580"
18/02/2016,"33,830","33,830","33,977","33,609"
17/02/2016,"33,462","34,050","34,050","33,462"
16/02/2016,"33,536","33,977","33,977","33,462"
15/02/2016,"33,462","34,197","34,271","33,462"
5/2/2016,"34,271","34,124","34,565","34,124"
4/2/2016,"34,565","34,565","34,933","34,565"
3/2/2016,"34,565","34,345","34,565","33,830"
2/2/2016,"34,565","34,345","34,712","34,345"
1/2/2016,"34,565","34,712","35,227","34,565"
29/01/2016,"35,006","35,448","35,448","34,712"
28/01/2016,"35,521","34,565","35,521","34,565"
27/01/2016,"34,933","34,933","35,006","34,492"
26/01/2016,"35,301","35,301","35,595","34,786"
25/01/2016,"35,521","35,668","35,668","35,301"
22/01/2016,"35,521","35,154","36,110","35,154"
21/01/2016,"35,154","35,080","35,301","34,786"
20/01/2016,"34,859","34,639","35,301","34,639"
19/01/2016,"34,933","34,712","35,374","34,712"
18/01/2016,"34,933","34,418","35,006","33,094"
15/01/2016,"34,933","35,374","35,374","34,859"
14/01/2016,"35,301","34,712","35,448","34,712"
13/01/2016,"35,227","35,301","35,301","34,712"
12/1/2016,"35,301","35,521","35,595","35,006"
11/1/2016,"35,521","35,301","36,110","35,006"
8/1/2016,"35,301","34,933","35,301","34,565"
7/1/2016,"35,301","34,418","35,448","34,197"
6/1/2016,"34,933","34,859","35,227","34,345"
5/1/2016,"34,933","34,565","35,080","34,418"
4/1/2016,"34,933","33,536","34,933","33,241"
31/12/2015,"33,609","33,462","33,830","33,168"
30/12/2015,"33,830","33,168","33,830","32,359"
29/12/2015,"33,462","31,991","33,462","31,623"
28/12/2015,"31,991","31,182","32,138","31,182"
25/12/2015,"31,182","31,109","31,256","30,888"
24/12/2015,"30,888","30,815","30,962","30,667"
23/12/2015,"30,667","30,300","30,815","30,300"
22/12/2015,"30,594","30,520","30,741","30,447"
21/12/2015,"30,520","30,153","30,520","30,153"
18/12/2015,"29,417","30,815","30,962","29,417"
17/12/2015,"30,815","30,888","31,109","30,741"
16/12/2015,"30,667","30,741","31,109","30,594"
15/12/2015,"30,520","30,300","30,667","30,300"
14/12/2015,"30,373","30,520","30,594","30,226"
11/12/2015,"30,520","30,373","30,594","30,373"
10/12/2015,"30,373","30,741","31,109","30,373"
9/12/2015,"30,741","31,182","31,918","30,741"
8/12/2015,"31,182","30,962","31,329","30,741"
7/12/2015,"31,109","31,182","31,182","30,888"
4/12/2015,"31,109","31,329","31,550","31,035"
3/12/2015,"31,476","31,329","31,550","31,256"
2/12/2015,"31,329","31,623","31,844","31,329"
1/12/2015,"31,476","31,550","31,623","31,403"
30/11/2015,"31,476","31,109","31,476","31,035"
27/11/2015,"31,329","31,697","31,771","31,256"
26/11/2015,"31,771","31,918","31,918","31,697"
25/11/2015,"31,918","31,844","31,991","31,550"
24/11/2015,"31,918","32,138","32,212","31,844"
23/11/2015,"32,138","32,065","32,285","32,065"
20/11/2015,"32,138","32,138","32,285","31,918"
19/11/2015,"31,918","32,285","32,285","31,918"
18/11/2015,"32,138","32,065","32,432","31,844"
17/11/2015,"31,918","31,991","32,359","31,844"
16/11/2015,"31,918","32,285","32,506","31,918"
13/11/2015,"32,580","32,138","32,580","32,138"
12/11/2015,"32,138","32,212","32,653","31,403"
11/11/2015,"32,432","32,727","32,947","32,285"
10/11/2015,"32,727","32,947","33,168","32,727"
9/11/2015,"33,168","33,315","33,389","32,947"
6/11/2015,"33,168","33,462","33,683","33,094"
5/11/2015,"33,462","33,462","33,903","33,462"
4/11/2015,"33,536","34,050","34,418","33,536"
3/11/2015,"33,830","33,094","33,830","32,580"
2/11/2015,"33,094","33,536","33,683","33,021"
30/10/2015,"33,462","33,903","33,903","33,315"
29/10/2015,"33,830","32,653","33,830","32,653"
28/10/2015,"32,653","32,727","33,241","32,653"
27/10/2015,"32,653","32,653","32,947","32,359"
26/10/2015,"32,727","32,947","33,609","32,727"
23/10/2015,"32,653","31,329","32,653","31,329"
22/10/2015,"31,256","30,741","31,476","30,741"
21/10/2015,"30,667","31,256","31,256","30,667"
20/10/2015,"31,035","31,403","31,403","30,962"
19/10/2015,"31,403","31,476","31,476","31,329"
16/10/2015,"31,476","31,256","31,476","31,256"
15/10/2015,"31,256","31,403","31,476","31,256"
14/10/2015,"31,256","31,623","31,623","31,256"
13/10/2015,"31,476","31,697","31,771","31,476"
12/10/2015,"31,771","31,844","32,065","31,697"
9/10/2015,"31,844","31,991","32,285","31,844"
8/10/2015,"31,991","31,256","32,432","31,256"
7/10/2015,"31,256","31,035","31,697","30,741"
6/10/2015,"30,962","30,888","31,035","30,741"
5/10/2015,"30,594","30,594","30,667","30,520"
2/10/2015,"30,594","30,594","30,667","30,447"
1/10/2015,"30,594","30,815","30,962","30,594"
30/09/2015,"30,667","30,815","30,888","30,667"
29/09/2015,"30,594","30,667","30,815","30,447"
28/09/2015,"30,888","30,962","31,035","30,667"
25/09/2015,"30,962","31,182","31,182","30,815"
24/09/2015,"31,182","31,403","31,403","31,182"
23/09/2015,"31,256","31,256","31,403","31,182"
22/09/2015,"31,476","31,550","31,623","31,329"
21/09/2015,"31,550","31,182","31,623","31,035"
18/09/2015,"30,888","31,182","31,256","30,888"
17/09/2015,"30,888","30,888","31,035","30,667"
16/09/2015,"30,667","30,667","30,815","30,594"
15/09/2015,"30,667","30,741","30,741","30,447"
14/09/2015,"30,741","30,888","30,888","30,594"
11/9/2015,"30,888","31,182","31,182","30,815"
10/9/2015,"31,182","30,667","31,256","30,300"
9/9/2015,"30,815","30,888","30,888","30,667"
8/9/2015,"30,667","30,594","30,815","30,520"
7/9/2015,"30,594","30,300","30,815","30,226"
4/9/2015,"30,520","30,300","30,520","30,226"
3/9/2015,"30,226","30,520","30,520","30,153"
1/9/2015,"30,520","30,520","30,667","29,932"
31/08/2015,"30,520","30,667","30,667","30,006"
28/08/2015,"30,667","30,447","30,667","30,006"
27/08/2015,"30,153","29,711","30,373","29,491"
26/08/2015,"29,564","29,197","29,711","29,123"
25/08/2015,"29,491","28,535","29,491","28,535"
24/08/2015,"29,491","29,491","29,491","27,873"
21/08/2015,"29,491","29,638","29,858","28,535"
20/08/2015,"29,858","30,006","30,300","29,491"
19/08/2015,"30,006","30,667","30,667","29,858"
18/08/2015,"30,667","30,153","30,667","30,153"
17/08/2015,"30,153","30,741","31,109","30,153"
14/08/2015,"30,741","31,256","31,550","30,594"
13/08/2015,"31,256","31,697","31,697","31,182"
12/8/2015,"31,697","32,138","32,138","31,697"
11/8/2015,"32,138","31,991","32,138","31,918"
10/8/2015,"31,991","31,623","31,991","31,623"
7/8/2015,"31,623","31,697","31,697","31,550"
6/8/2015,"31,623","31,623","31,771","31,403"
5/8/2015,"31,771","31,697","31,771","31,476"
4/8/2015,"31,623","31,476","31,697","31,403"
3/8/2015,"31,697","31,403","31,918","31,329"
31/07/2015,"31,697","31,550","31,918","31,403"
30/07/2015,"31,697","31,771","31,918","31,550"
29/07/2015,"31,771","32,359","32,432","31,697"
28/07/2015,"32,212","32,506","33,021","32,212"
27/07/2015,"32,359","32,359","32,580","32,138"
24/07/2015,"32,212","32,653","32,653","32,065"
23/07/2015,"32,432","32,727","33,094","32,432"
22/07/2015,"32,727","31,844","32,800","31,697"
21/07/2015,"31,623","31,256","31,844","31,256"
20/07/2015,"31,329","31,403","31,844","31,182"
17/07/2015,"31,403","31,623","31,697","31,256"
16/07/2015,"31,476","31,623","31,844","31,403"
15/07/2015,"31,991","32,506","32,506","31,844"
14/07/2015,"32,359","32,138","32,432","32,138"
13/07/2015,"32,432","32,580","32,580","32,359"
10/7/2015,"32,580","32,580","32,800","32,359"
9/7/2015,"32,359","31,623","32,800","31,476"
8/7/2015,"31,991","32,432","32,432","31,771"
7/7/2015,"32,506","32,653","32,874","32,432"
6/7/2015,"32,800","33,094","33,168","32,359"
3/7/2015,"32,800","32,653","33,021","32,580"
2/7/2015,"32,285","32,138","32,285","31,991"
1/7/2015,"31,918","32,359","32,359","31,623"
30/06/2015,"31,991","31,256","32,506","31,256"
29/06/2015,"31,403","30,962","31,844","30,962"
26/06/2015,"30,399","30,399","30,692","30,399"
25/06/2015,"30,692","30,399","30,984","30,107"
24/06/2015,"30,692","30,107","30,692","30,107"
23/06/2015,"30,399","30,107","30,692","29,815"
22/06/2015,"30,107","30,107","30,399","29,815"
19/06/2015,"29,815","29,815","30,107","29,522"
18/06/2015,"29,522","29,522","29,815","29,522"
17/06/2015,"29,522","29,522","30,107","29,113"
16/06/2015,"29,522","29,522","29,815","29,172"
15/06/2015,"29,522","30,399","30,399","29,230"
12/6/2015,"30,399","28,879","30,399","28,821"
11/6/2015,"28,762","28,412","28,762","28,412"
10/6/2015,"28,412","28,646","28,704","28,353"
9/6/2015,"28,646","28,762","28,821","28,587"
8/6/2015,"28,646","28,529","28,938","28,529"
5/6/2015,"28,529","28,529","28,762","28,412"
4/6/2015,"28,529","28,353","28,646","28,353"
3/6/2015,"28,236","28,061","28,412","28,061"
2/6/2015,"28,119","28,529","28,587","28,119"
1/6/2015,"28,470","28,119","28,762","28,061"
29/05/2015,"27,769","27,944","28,119","27,769"
28/05/2015,"27,944","28,061","28,178","27,944"
27/05/2015,"28,119","28,353","28,470","28,119"
26/05/2015,"28,236","28,119","28,529","28,119"
25/05/2015,"28,178","28,236","28,236","27,886"
22/05/2015,"28,353","27,535","28,353","27,418"
21/05/2015,"27,593","27,476","27,769","27,418"
20/05/2015,"27,535","27,242","27,827","27,242"
19/05/2015,"27,242","27,242","27,301","27,067"
18/05/2015,"27,067","27,476","27,535","27,067"
15/05/2015,"27,476","27,710","27,886","27,476"
14/05/2015,"27,710","27,769","27,827","27,652"
13/05/2015,"27,769","27,769","27,827","27,359"
12/5/2015,"27,769","28,178","28,178","27,476"
11/5/2015,"28,061","28,353","28,353","28,061"
8/5/2015,"28,236","28,412","28,412","28,236"
7/5/2015,"28,412","28,119","28,412","28,061"
6/5/2015,"28,119","28,529","28,529","28,061"
5/5/2015,"28,529","28,119","28,529","28,061"
4/5/2015,"28,119","26,424","28,470","26,424"
27/04/2015,"28,412","28,646","28,646","28,412"
24/04/2015,"28,529","28,529","28,646","28,470"
23/04/2015,"28,529","28,529","28,646","28,353"
22/04/2015,"28,412","28,529","28,529","28,353"
21/04/2015,"28,353","28,412","28,587","28,295"
20/04/2015,"28,412","28,412","28,646","28,353"
17/04/2015,"28,529","28,178","28,879","28,119"
16/04/2015,"28,119","27,769","28,295","27,769"
15/04/2015,"27,769","27,944","28,002","27,535"
14/04/2015,"27,827","28,470","28,470","27,827"
13/04/2015,"28,412","27,827","28,470","27,827"
10/4/2015,"27,769","27,067","28,002","27,067"
9/4/2015,"26,950","26,892","27,242","26,892"
8/4/2015,"26,892","27,009","27,067","26,892"
7/4/2015,"27,009","26,833","27,009","26,716"
6/4/2015,"26,833","26,950","27,009","26,833"
3/4/2015,"26,950","27,067","27,067","26,950"
2/4/2015,"27,067","27,126","27,126","26,833"
1/4/2015,"26,892","27,476","27,476","26,892"
31/03/2015,"27,476","27,242","27,535","27,242"
30/03/2015,"27,242","27,593","27,652","27,242"
27/03/2015,"27,535","28,236","28,236","27,476"
26/03/2015,"27,769","28,061","28,178","27,769"
25/03/2015,"28,178","28,236","28,295","28,119"
24/03/2015,"28,236","28,236","28,295","28,119"
23/03/2015,"28,236","28,412","28,704","28,178"
20/03/2015,"28,412","28,704","28,762","28,412"
19/03/2015,"28,704","28,879","28,938","28,529"
18/03/2015,"28,821","28,821","28,879","28,762"
17/03/2015,"28,821","28,821","28,879","28,704"
16/03/2015,"28,762","28,938","28,996","28,587"
13/03/2015,"28,996","28,996","29,172","28,938"
12/3/2015,"28,996","28,821","29,172","28,821"
11/3/2015,"28,821","29,055","29,055","28,762"
10/3/2015,"29,055","28,938","29,172","28,879"
9/3/2015,"29,055","29,172","29,522","28,996"
6/3/2015,"29,172","29,230","29,815","29,172"
5/3/2015,"29,815","29,815","30,107","29,522"
4/3/2015,"30,107","30,399","30,399","29,815"
3/3/2015,"30,399","29,172","30,692","29,172"
2/3/2015,"29,172","28,996","29,230","28,938"
27/02/2015,"28,938","29,230","29,230","28,938"
26/02/2015,"29,172","29,230","29,522","28,762"
25/02/2015,"29,230","29,815","30,107","29,230"
24/02/2015,"30,107","29,815","30,107","29,230"
13/02/2015,"29,522","29,230","30,107","29,230"
12/2/2015,"29,230","28,587","29,230","28,529"
11/2/2015,"28,353","27,710","28,353","27,593"
10/2/2015,"27,593","27,769","27,886","27,593"
9/2/2015,"27,652","27,418","27,769","27,418"
6/2/2015,"27,418","27,476","27,593","27,359"
5/2/2015,"27,359","27,301","27,476","27,301"
4/2/2015,"27,418","27,652","27,652","27,184"
3/2/2015,"27,418","27,886","27,944","27,418"
2/2/2015,"27,886","28,061","28,119","27,886"
30/01/2015,"28,061","27,886","28,295","27,827"
29/01/2015,"27,827","27,827","27,944","27,710"
28/01/2015,"27,827","27,827","28,061","27,769"
27/01/2015,"28,061","28,178","28,236","27,710"
26/01/2015,"28,178","28,353","28,587","28,061"
23/01/2015,"28,061","27,710","28,061","27,652"
22/01/2015,"27,535","27,710","27,710","27,535"
21/01/2015,"27,535","27,535","27,710","27,535"
20/01/2015,"27,535","27,710","27,827","27,535"
19/01/2015,"27,652","27,652","28,002","27,593"
16/01/2015,"27,652","27,710","27,710","27,476"
15/01/2015,"27,710","27,535","27,769","27,359"
14/01/2015,"27,535","27,710","27,710","27,476"
13/01/2015,"27,535","27,593","27,827","27,418"
12/1/2015,"27,652","27,944","28,178","27,652"
9/1/2015,"27,944","28,061","28,412","27,944"
8/1/2015,"28,061","27,886","28,295","27,886"
7/1/2015,"27,886","27,944","28,061","27,769"
6/1/2015,"27,944","27,710","27,944","27,652"
5/1/2015,"27,827","27,886","27,886","27,652"
